ID, ring number, ring type
1,o,p
2,o,p
3,o,p
4,o,p
5,o,e
6,o,p
7,o,p
8,o,p
9,o,p
10,o,p
11,o,p
12,o,p
13,o,p
14,o,p
15,o,e
16,o,p
17,o,e
18,o,p
19,o,p
20,o,p
21,o,p
22,o,p
23,o,p
24,o,p
25,o,p
26,o,p
27,o,p
28,o,p
29,o,p
30,o,p
31,o,p
32,o,p
33,o,p
34,o,p
35,o,p
36,o,p
37,o,p
38,o,p
39,o,p
40,o,p
41,o,p
42,o,p
43,o,p
44,o,p
45,o,p
46,o,p
47,o,p
48,o,p
49,o,p
50,o,p
51,o,p
52,o,p
53,o,p
54,o,p
55,o,p
56,o,p
57,o,e
58,o,p
59,o,p
60,o,p
61,o,p
62,o,p
63,o,p
64,o,p
65,o,p
66,o,e
67,o,p
68,o,p
69,o,p
70,o,p
71,o,p
72,o,p
73,o,p
74,o,p
75,o,p
76,o,p
77,o,p
78,o,p
79,o,p
80,o,p
81,o,e
82,o,p
83,o,p
84,o,e
85,o,p
86,o,e
87,o,p
88,o,p
89,o,p
90,o,p
91,o,p
92,o,p
93,o,p
94,o,p
95,o,e
96,o,p
97,o,p
98,o,p
99,o,p
100,o,p
101,o,e
102,o,p
103,o,p
104,o,p
105,o,p
106,o,p
107,o,p
108,o,p
109,o,p
110,o,p
111,o,p
112,o,p
113,o,p
114,o,p
115,o,p
116,o,p
117,o,p
118,o,p
119,o,p
120,o,p
121,o,p
122,o,p
123,o,p
124,o,e
125,o,p
126,o,e
127,o,p
128,o,e
129,o,p
130,o,p
131,o,p
132,o,p
133,o,p
134,o,p
135,o,p
136,o,p
137,o,p
138,o,p
139,o,p
140,o,p
141,o,p
142,o,p
143,o,p
144,o,p
145,o,p
146,o,e
147,o,e
148,o,p
149,o,p
150,o,p
151,o,p
152,o,e
153,o,p
154,o,p
155,o,p
156,o,p
157,o,p
158,o,p
159,o,p
160,o,p
161,o,p
162,o,p
163,o,p
164,o,p
165,o,p
166,o,p
167,o,p
168,o,p
169,o,p
170,o,p
171,o,p
172,o,p
173,o,p
174,o,p
175,o,p
176,o,p
177,o,p
178,o,p
179,o,p
180,o,p
181,o,p
182,o,p
183,o,p
184,o,p
185,o,p
186,o,p
187,o,p
188,o,p
189,o,p
190,o,p
191,o,e
192,o,p
193,o,p
194,o,p
195,o,p
196,o,p
197,o,p
198,o,p
199,o,p
200,o,p
201,o,p
202,o,p
203,o,p
204,o,e
205,o,p
206,o,p
207,o,p
208,o,p
209,o,p
210,o,p
211,o,p
212,o,p
213,o,p
214,o,p
215,o,p
216,o,p
217,o,p
218,o,p
219,o,p
220,o,p
221,o,p
222,o,p
223,o,p
224,o,p
225,o,p
226,o,p
227,o,p
228,o,p
229,o,p
230,o,p
231,o,p
232,o,p
233,o,p
234,o,p
235,o,p
236,o,p
237,o,p
238,o,p
239,o,p
240,o,p
241,o,p
242,o,p
243,o,p
244,o,p
245,o,p
246,o,p
247,o,p
248,o,p
249,o,p
250,o,e
251,o,p
252,o,p
253,o,p
254,o,p
255,o,p
256,o,p
257,o,p
258,o,p
259,o,p
260,o,p
261,o,p
262,o,p
263,o,p
264,o,p
265,o,p
266,o,p
267,o,e
268,o,p
269,o,p
270,o,p
271,o,p
272,o,p
273,o,p
274,o,p
275,o,p
276,o,p
277,o,p
278,o,p
279,o,e
280,o,p
281,o,p
282,o,p
283,o,p
284,o,p
285,o,p
286,o,p
287,o,p
288,o,p
289,o,p
290,o,p
291,o,p
292,o,p
293,o,p
294,o,p
295,o,p
296,o,p
297,o,p
298,o,e
299,o,p
300,o,p
301,o,e
302,o,p
303,o,p
304,o,p
305,o,p
306,o,p
307,o,p
308,o,p
309,o,p
310,o,e
311,o,p
312,o,p
313,o,p
314,o,p
315,o,p
316,o,p
317,o,p
318,o,p
319,o,p
320,o,p
321,o,p
322,o,p
323,o,p
324,o,p
325,o,p
326,o,p
327,o,p
328,o,p
329,o,p
330,o,p
331,o,p
332,o,p
333,o,p
334,o,p
335,o,p
336,o,p
337,o,p
338,o,p
339,o,p
340,o,p
341,o,p
342,o,p
343,o,p
344,o,p
345,o,p
346,o,e
347,o,p
348,o,p
349,o,e
350,o,p
351,o,e
352,o,p
353,o,p
354,o,p
355,o,p
356,o,p
357,o,p
358,o,p
359,o,p
360,o,p
361,o,e
362,o,e
363,o,e
364,o,p
365,o,p
366,o,p
367,o,p
368,o,p
369,o,p
370,o,e
371,o,p
372,o,p
373,o,p
374,o,p
375,o,p
376,o,p
377,o,p
378,o,p
379,o,p
380,o,p
381,o,p
382,o,e
383,o,p
384,o,p
385,o,p
386,o,p
387,o,p
388,o,e
389,o,p
390,o,p
391,o,p
392,o,p
393,o,p
394,o,p
395,o,p
396,o,e
397,o,p
398,o,p
399,o,p
400,o,p
401,o,p
402,o,p
403,o,p
404,o,p
405,o,p
406,o,p
407,o,p
408,o,p
409,o,p
410,o,p
411,o,p
412,o,e
413,o,p
414,o,p
415,o,p
416,o,p
417,o,p
418,o,p
419,o,p
420,o,e
421,o,p
422,o,p
423,o,p
424,o,p
425,o,p
426,o,p
427,o,p
428,o,p
429,o,e
430,o,p
431,o,p
432,o,p
433,o,p
434,o,p
435,o,p
436,o,p
437,o,p
438,o,p
439,o,p
440,o,p
441,o,p
442,o,p
443,o,p
444,o,p
445,o,p
446,o,p
447,o,p
448,o,p
449,o,p
450,o,p
451,o,p
452,o,p
453,o,p
454,o,p
455,o,p
456,o,e
457,o,p
458,o,p
459,o,p
460,o,p
461,o,p
462,o,p
463,o,p
464,o,p
465,o,p
466,o,p
467,o,p
468,o,p
469,o,p
470,o,p
471,o,p
472,o,p
473,o,p
474,o,p
475,o,p
476,o,p
477,o,p
478,o,p
479,o,p
480,o,p
481,o,p
482,o,p
483,o,p
484,o,p
485,o,p
486,o,p
487,o,p
488,o,p
489,o,p
490,o,p
491,o,p
492,o,p
493,o,p
494,o,p
495,o,p
496,o,p
497,o,e
498,o,p
499,o,p
500,o,p
501,o,p
502,o,p
503,o,p
504,o,p
505,o,p
506,o,p
507,o,e
508,o,e
509,o,p
510,o,p
511,o,p
512,o,p
513,o,p
514,o,p
515,o,p
516,o,e
517,o,p
518,o,p
519,o,p
520,o,p
521,o,p
522,o,p
523,o,p
524,o,p
525,o,p
526,o,p
527,o,p
528,o,p
529,o,p
530,o,p
531,o,p
532,o,p
533,o,p
534,o,p
535,o,p
536,o,e
537,o,p
538,o,p
539,o,p
540,o,p
541,o,p
542,o,e
543,o,p
544,o,p
545,o,e
546,o,p
547,o,p
548,o,p
549,o,p
550,o,p
551,o,p
552,o,e
553,o,p
554,o,p
555,o,p
556,o,p
557,o,p
558,o,p
559,o,p
560,o,p
561,o,p
562,o,p
563,o,p
564,o,e
565,o,p
566,o,p
567,o,p
568,o,e
569,o,p
570,o,p
571,o,p
572,o,p
573,o,p
574,o,p
575,o,p
576,o,p
577,o,p
578,o,p
579,o,p
580,o,p
581,o,p
582,o,p
583,o,p
584,o,p
585,o,p
586,o,p
587,o,p
588,o,p
589,o,p
590,o,p
591,o,p
592,o,e
593,o,p
594,o,p
595,o,p
596,o,p
597,o,p
598,o,p
599,o,p
600,o,p
601,o,e
602,o,p
603,o,e
604,o,p
605,o,p
606,o,p
607,o,e
608,o,p
609,o,p
610,o,p
611,o,e
612,o,e
613,o,e
614,o,p
615,o,p
616,o,p
617,o,e
618,o,p
619,o,p
620,o,p
621,o,p
622,o,p
623,o,p
624,o,p
625,o,p
626,o,p
627,o,p
628,o,p
629,o,p
630,o,p
631,o,e
632,o,p
633,o,p
634,o,p
635,o,p
636,o,p
637,o,p
638,o,p
639,o,e
640,o,p
641,o,p
642,o,p
643,o,p
644,o,p
645,o,p
646,o,p
647,o,p
648,o,p
649,o,p
650,o,p
651,o,p
652,o,p
653,o,p
654,o,p
655,o,p
656,o,p
657,o,e
658,o,p
659,o,p
660,o,p
661,o,p
662,o,p
663,o,p
664,o,p
665,o,p
666,o,p
667,o,p
668,o,p
669,o,p
670,o,p
671,o,p
672,o,p
673,o,e
674,o,p
675,o,p
676,o,p
677,o,p
678,o,p
679,o,p
680,o,p
681,o,p
682,o,p
683,o,p
684,o,p
685,o,p
686,o,p
687,o,p
688,o,p
689,o,p
690,o,p
691,o,p
692,o,p
693,o,p
694,o,e
695,o,p
696,o,p
697,o,p
698,o,p
699,o,p
700,o,e
701,o,p
702,o,e
703,o,p
704,o,p
705,o,p
706,o,p
707,o,p
708,o,p
709,o,p
710,o,p
711,o,p
712,o,e
713,o,p
714,o,p
715,o,p
716,o,p
717,o,p
718,o,p
719,o,p
720,o,p
721,o,p
722,o,p
723,o,p
724,o,e
725,o,p
726,o,p
727,o,p
728,o,e
729,o,p
730,o,p
731,o,p
732,o,e
733,o,p
734,o,p
735,o,p
736,o,p
737,o,p
738,o,p
739,o,p
740,o,p
741,o,p
742,o,p
743,o,p
744,o,p
745,o,p
746,o,p
747,o,p
748,o,p
749,o,p
750,o,p
751,o,p
752,o,p
753,o,p
754,o,p
755,o,p
756,o,p
757,o,p
758,o,e
759,o,p
760,o,p
761,o,p
762,o,p
763,o,p
764,o,p
765,o,p
766,o,e
767,o,p
768,o,p
769,o,p
770,o,p
771,o,p
772,o,p
773,o,p
774,o,p
775,o,e
776,o,p
777,o,p
778,o,p
779,o,p
780,o,p
781,o,p
782,o,p
783,o,p
784,o,p
785,o,p
786,o,p
787,o,p
788,o,p
789,o,p
790,o,p
791,o,p
792,o,p
793,o,p
794,o,p
795,o,p
796,o,p
797,o,p
798,o,e
799,o,p
800,o,p
801,o,p
802,o,p
803,o,p
804,o,p
805,o,p
806,o,p
807,o,p
808,o,p
809,o,p
810,o,p
811,o,p
812,o,p
813,o,p
814,o,p
815,o,p
816,o,p
817,o,p
818,o,p
819,o,p
820,o,p
821,o,p
822,o,p
823,o,p
824,o,p
825,o,p
826,o,p
827,o,p
828,o,p
829,o,p
830,o,p
831,o,p
832,o,p
833,o,p
834,o,p
835,o,p
836,o,p
837,o,p
838,o,p
839,o,p
840,o,p
841,o,p
842,o,p
843,o,p
844,o,p
845,o,p
846,o,e
847,o,p
848,o,p
849,o,p
850,o,p
851,o,p
852,o,p
853,o,p
854,o,e
855,o,p
856,o,p
857,o,p
858,o,p
859,o,p
860,o,p
861,o,p
862,o,p
863,o,p
864,o,p
865,o,p
866,o,p
867,o,p
868,o,p
869,o,p
870,o,p
871,o,p
872,o,p
873,o,p
874,o,p
875,o,p
876,o,p
877,o,p
878,o,p
879,o,p
880,o,p
881,o,p
882,o,e
883,o,p
884,o,p
885,o,p
886,o,p
887,o,p
888,o,p
889,o,p
890,o,p
891,o,p
892,o,p
893,o,p
894,o,p
895,o,p
896,o,p
897,o,p
898,o,p
899,o,p
900,o,p
901,o,p
902,o,e
903,o,e
904,o,e
905,o,p
906,o,e
907,o,p
908,o,e
909,o,p
910,o,p
911,o,p
912,o,e
913,o,p
914,o,e
915,o,e
916,o,p
917,o,p
918,o,p
919,o,e
920,o,e
921,o,e
922,o,e
923,o,p
924,o,p
925,o,e
926,o,e
927,o,e
928,o,p
929,o,p
930,o,p
931,o,e
932,o,e
933,o,p
934,o,p
935,o,p
936,o,e
937,o,p
938,o,e
939,o,e
940,o,p
941,o,p
942,o,e
943,o,p
944,o,e
945,o,p
946,o,e
947,o,e
948,o,p
949,o,e
950,o,p
951,o,p
952,o,p
953,o,e
954,o,e
955,o,e
956,o,p
957,o,p
958,o,p
959,o,p
960,o,p
961,o,e
962,o,e
963,o,p
964,o,p
965,o,e
966,o,e
967,o,p
968,o,p
969,o,e
970,o,e
971,o,e
972,o,p
973,o,p
974,o,e
975,o,p
976,o,e
977,o,p
978,o,p
979,o,p
980,o,e
981,o,p
982,o,p
983,o,e
984,o,e
985,o,p
986,o,e
987,o,e
988,o,e
989,o,e
990,o,p
991,o,p
992,o,e
993,o,e
994,o,p
995,o,e
996,o,e
997,o,p
998,o,p
999,o,p
1000,o,p
1001,o,p
1002,o,p
1003,o,e
1004,o,p
1005,o,p
1006,o,e
1007,o,e
1008,o,e
1009,o,e
1010,o,p
1011,o,p
1012,o,e
1013,o,p
1014,o,e
1015,o,e
1016,o,p
1017,o,p
1018,o,p
1019,o,p
1020,o,p
1021,o,e
1022,o,p
1023,o,p
1024,o,p
1025,o,p
1026,o,p
1027,o,p
1028,o,p
1029,o,p
1030,o,e
1031,o,p
1032,o,p
1033,o,e
1034,o,e
1035,o,e
1036,o,e
1037,o,p
1038,o,p
1039,o,p
1040,o,p
1041,o,p
1042,o,p
1043,o,e
1044,o,p
1045,o,e
1046,o,p
1047,o,e
1048,o,p
1049,o,p
1050,o,e
1051,o,p
1052,o,p
1053,o,e
1054,o,p
1055,o,e
1056,o,p
1057,o,p
1058,o,e
1059,o,p
1060,o,e
1061,o,e
1062,o,p
1063,o,e
1064,o,e
1065,o,p
1066,o,p
1067,o,p
1068,o,e
1069,o,p
1070,o,p
1071,o,e
1072,o,p
1073,o,p
1074,o,p
1075,o,p
1076,o,e
1077,o,p
1078,o,p
1079,o,e
1080,o,p
1081,o,e
1082,o,p
1083,o,p
1084,o,e
1085,o,p
1086,o,e
1087,o,p
1088,o,p
1089,o,p
1090,o,p
1091,o,p
1092,o,p
1093,o,e
1094,o,p
1095,o,e
1096,o,p
1097,o,e
1098,o,e
1099,o,e
1100,o,p
1101,o,e
1102,o,e
1103,o,e
1104,o,p
1105,o,e
1106,o,e
1107,o,p
1108,o,e
1109,o,p
1110,o,e
1111,o,e
1112,o,p
1113,o,p
1114,o,e
1115,o,p
1116,o,e
1117,o,e
1118,o,e
1119,o,e
1120,o,e
1121,o,e
1122,o,e
1123,o,e
1124,o,p
1125,o,p
1126,o,e
1127,o,e
1128,o,p
1129,o,e
1130,o,e
1131,o,p
1132,o,e
1133,o,p
1134,o,e
1135,o,p
1136,o,e
1137,o,p
1138,o,p
1139,o,e
1140,o,e
1141,o,e
1142,o,p
1143,o,e
1144,o,e
1145,o,e
1146,o,e
1147,o,e
1148,o,e
1149,o,e
1150,o,e
1151,o,e
1152,o,p
1153,o,p
1154,o,e
1155,o,p
1156,o,p
1157,o,e
1158,o,e
1159,o,e
1160,o,e
1161,o,p
1162,o,e
1163,o,p
1164,o,p
1165,o,e
1166,o,p
1167,o,p
1168,o,p
1169,o,e
1170,o,p
1171,o,e
1172,o,p
1173,o,e
1174,o,p
1175,o,p
1176,o,p
1177,o,p
1178,o,p
1179,o,e
1180,o,p
1181,o,p
1182,o,p
1183,o,e
1184,o,p
1185,o,p
1186,o,e
1187,o,e
1188,o,p
1189,o,p
1190,o,e
1191,o,e
1192,o,p
1193,o,p
1194,o,p
1195,o,p
1196,o,p
1197,o,e
1198,o,p
1199,o,p
1200,o,p
1201,o,p
1202,o,p
1203,o,p
1204,o,e
1205,o,p
1206,o,e
1207,o,e
1208,o,p
1209,o,e
1210,o,e
1211,o,e
1212,o,e
1213,o,p
1214,o,e
1215,o,e
1216,o,p
1217,o,e
1218,o,e
1219,o,e
1220,o,e
1221,o,p
1222,o,e
1223,o,e
1224,o,e
1225,o,e
1226,o,e
1227,o,p
1228,o,e
1229,o,p
1230,o,p
1231,o,e
1232,o,p
1233,o,e
1234,o,e
1235,o,e
1236,o,e
1237,o,e
1238,o,e
1239,o,e
1240,o,e
1241,o,p
1242,o,e
1243,o,p
1244,o,p
1245,o,e
1246,o,e
1247,o,e
1248,o,e
1249,o,e
1250,o,e
1251,o,p
1252,o,p
1253,o,e
1254,o,p
1255,o,p
1256,o,e
1257,o,p
1258,o,e
1259,o,e
1260,o,p
1261,o,p
1262,o,p
1263,o,p
1264,o,e
1265,o,p
1266,o,e
1267,o,e
1268,o,p
1269,o,e
1270,o,p
1271,o,e
1272,o,e
1273,o,p
1274,o,e
1275,o,e
1276,o,p
1277,o,e
1278,o,e
1279,o,e
1280,o,e
1281,o,p
1282,o,e
1283,o,e
1284,o,e
1285,o,e
1286,o,e
1287,o,p
1288,o,e
1289,o,p
1290,o,e
1291,o,p
1292,o,e
1293,o,e
1294,o,p
1295,o,p
1296,o,e
1297,o,p
1298,o,e
1299,o,p
1300,o,e
1301,o,e
1302,o,e
1303,o,e
1304,o,p
1305,o,e
1306,o,e
1307,o,e
1308,o,e
1309,o,e
1310,o,e
1311,o,e
1312,o,e
1313,o,p
1314,o,e
1315,o,p
1316,o,e
1317,o,e
1318,o,p
1319,o,p
1320,o,e
1321,o,p
1322,o,p
1323,o,e
1324,o,p
1325,o,e
1326,o,e
1327,o,p
1328,o,e
1329,o,e
1330,o,e
1331,o,e
1332,o,e
1333,o,p
1334,o,e
1335,o,e
1336,o,p
1337,o,e
1338,o,p
1339,o,p
1340,o,e
1341,o,e
1342,o,e
1343,o,p
1344,o,p
1345,o,e
1346,o,e
1347,o,p
1348,o,e
1349,o,p
1350,o,p
1351,o,p
1352,o,e
1353,o,e
1354,o,e
1355,o,e
1356,o,e
1357,o,e
1358,o,e
1359,o,e
1360,o,e
1361,o,e
1362,o,p
1363,o,e
1364,o,e
1365,o,e
1366,o,e
1367,o,e
1368,o,e
1369,o,p
1370,o,e
1371,o,e
1372,o,e
1373,o,e
1374,o,p
1375,o,p
1376,o,p
1377,o,e
1378,o,e
1379,o,p
1380,o,e
1381,o,p
1382,o,e
1383,o,p
1384,o,e
1385,o,e
1386,o,e
1387,o,e
1388,o,p
1389,o,p
1390,o,e
1391,o,p
1392,o,e
1393,o,e
1394,o,e
1395,o,e
1396,o,p
1397,o,e
1398,o,e
1399,o,e
1400,o,p
1401,o,e
1402,o,p
1403,o,p
1404,o,e
1405,o,e
1406,o,p
1407,o,e
1408,o,e
1409,o,e
1410,o,e
1411,o,e
1412,o,e
1413,o,e
1414,o,e
1415,o,e
1416,o,e
1417,o,p
1418,o,e
1419,o,e
1420,o,e
1421,o,p
1422,o,e
1423,o,p
1424,o,e
1425,o,e
1426,o,e
1427,o,e
1428,o,e
1429,o,p
1430,o,p
1431,o,e
1432,o,p
1433,o,p
1434,o,p
1435,o,p
1436,o,p
1437,o,p
1438,o,p
1439,o,e
1440,o,e
1441,o,p
1442,o,e
1443,o,e
1444,o,e
1445,o,p
1446,o,p
1447,o,e
1448,o,e
1449,o,p
1450,o,e
1451,o,e
1452,o,p
1453,o,e
1454,o,p
1455,o,e
1456,o,e
1457,o,e
1458,o,p
1459,o,e
1460,o,p
1461,o,p
1462,o,e
1463,o,e
1464,o,p
1465,o,e
1466,o,p
1467,o,p
1468,o,p
1469,o,e
1470,o,e
1471,o,p
1472,o,e
1473,o,p
1474,o,e
1475,o,e
1476,o,e
1477,o,e
1478,o,e
1479,o,p
1480,o,e
1481,o,e
1482,o,e
1483,o,e
1484,o,e
1485,o,p
1486,o,p
1487,o,e
1488,o,e
1489,o,e
1490,o,p
1491,o,e
1492,o,p
1493,o,e
1494,o,e
1495,o,e
1496,o,e
1497,o,e
1498,o,e
1499,o,e
1500,o,e
1501,o,e
1502,o,p
1503,o,e
1504,o,e
1505,o,e
1506,o,p
1507,o,p
1508,o,p
1509,o,e
1510,o,p
1511,o,e
1512,o,e
1513,o,e
1514,o,p
1515,o,p
1516,o,e
1517,o,e
1518,o,e
1519,o,p
1520,o,e
1521,o,p
1522,o,e
1523,o,e
1524,o,e
1525,o,e
1526,o,e
1527,o,p
1528,o,e
1529,o,p
1530,o,e
1531,o,p
1532,o,e
1533,o,p
1534,o,e
1535,o,e
1536,o,p
1537,o,e
1538,o,p
1539,o,e
1540,o,e
1541,o,p
1542,o,e
1543,o,e
1544,o,e
1545,o,e
1546,o,p
1547,o,p
1548,o,e
1549,o,p
1550,o,e
1551,o,e
1552,o,p
1553,o,e
1554,o,e
1555,o,e
1556,o,p
1557,o,e
1558,o,p
1559,o,e
1560,o,e
1561,o,e
1562,o,e
1563,o,e
1564,o,p
1565,o,p
1566,o,p
1567,o,p
1568,o,e
1569,o,p
1570,o,e
1571,o,e
1572,o,e
1573,o,e
1574,o,e
1575,o,p
1576,o,e
1577,o,e
1578,o,p
1579,o,e
1580,o,p
1581,o,e
1582,o,p
1583,o,e
1584,o,p
1585,o,e
1586,o,p
1587,o,p
1588,o,e
1589,o,p
1590,o,e
1591,o,e
1592,o,e
1593,o,e
1594,o,e
1595,o,e
1596,o,e
1597,o,p
1598,o,e
1599,o,e
1600,o,p
1601,o,p
1602,o,e
1603,o,e
1604,o,e
1605,o,e
1606,o,e
1607,o,e
1608,o,e
1609,o,p
1610,o,e
1611,o,e
1612,o,e
1613,o,p
1614,o,p
1615,o,p
1616,o,p
1617,o,e
1618,o,e
1619,o,e
1620,o,e
1621,o,e
1622,o,e
1623,o,e
1624,o,e
1625,o,p
1626,o,p
1627,o,e
1628,o,p
1629,o,p
1630,o,p
1631,o,p
1632,o,e
1633,o,e
1634,o,e
1635,o,e
1636,o,e
1637,o,p
1638,o,p
1639,o,e
1640,o,e
1641,o,e
1642,o,p
1643,o,p
1644,o,e
1645,o,e
1646,o,e
1647,o,p
1648,o,e
1649,o,e
1650,o,e
1651,o,e
1652,o,e
1653,o,e
1654,o,e
1655,o,e
1656,o,e
1657,o,e
1658,o,e
1659,o,e
1660,o,e
1661,o,e
1662,o,e
1663,o,p
1664,o,p
1665,o,e
1666,o,p
1667,o,e
1668,o,p
1669,o,p
1670,o,p
1671,o,p
1672,o,p
1673,o,p
1674,o,e
1675,o,e
1676,o,e
1677,o,e
1678,o,e
1679,o,e
1680,o,e
1681,o,p
1682,o,e
1683,o,p
1684,o,p
1685,o,e
1686,o,e
1687,o,e
1688,o,e
1689,o,p
1690,o,p
1691,o,p
1692,o,p
1693,o,e
1694,o,e
1695,o,e
1696,o,e
1697,o,e
1698,o,e
1699,o,e
1700,o,e
1701,o,p
1702,o,e
1703,o,e
1704,o,p
1705,o,p
1706,o,e
1707,o,e
1708,o,p
1709,o,e
1710,o,p
1711,o,e
1712,o,e
1713,o,p
1714,o,e
1715,o,e
1716,o,p
1717,o,p
1718,o,p
1719,o,e
1720,o,e
1721,o,e
1722,o,e
1723,o,e
1724,o,e
1725,o,p
1726,o,p
1727,o,e
1728,o,e
1729,o,p
1730,o,e
1731,o,e
1732,o,p
1733,o,e
1734,o,e
1735,o,p
1736,o,e
1737,o,e
1738,o,p
1739,o,e
1740,o,p
1741,o,e
1742,o,e
1743,o,e
1744,o,e
1745,o,p
1746,o,p
1747,o,e
1748,o,p
1749,o,p
1750,o,e
1751,o,e
1752,o,p
1753,o,e
1754,o,e
1755,o,p
1756,o,e
1757,o,e
1758,o,e
1759,o,p
1760,o,e
1761,o,e
1762,o,e
1763,o,e
1764,o,p
1765,o,e
1766,o,p
1767,o,e
1768,o,e
1769,o,p
1770,o,p
1771,o,e
1772,o,e
1773,o,e
1774,o,p
1775,o,p
1776,o,e
1777,o,e
1778,o,p
1779,o,p
1780,o,e
1781,o,p
1782,o,e
1783,o,e
1784,o,p
1785,o,p
1786,o,e
1787,o,p
1788,o,e
1789,o,e
1790,o,e
1791,o,p
1792,o,e
1793,o,e
1794,o,e
1795,o,e
1796,o,p
1797,o,e
1798,o,e
1799,o,p
1800,o,e
1801,o,p
1802,o,e
1803,o,p
1804,o,p
1805,o,p
1806,o,p
1807,o,e
1808,o,p
1809,o,p
1810,o,e
1811,o,p
1812,o,p
1813,o,p
1814,o,p
1815,o,e
1816,o,p
1817,o,l
1818,o,e
1819,o,e
1820,o,p
1821,o,e
1822,o,e
1823,o,p
1824,o,p
1825,o,p
1826,o,e
1827,o,p
1828,o,e
1829,o,e
1830,o,p
1831,o,p
1832,o,p
1833,o,e
1834,o,p
1835,o,p
1836,o,p
1837,o,p
1838,o,e
1839,o,p
1840,o,e
1841,o,e
1842,o,e
1843,o,p
1844,o,p
1845,o,p
1846,o,e
1847,o,e
1848,o,p
1849,o,p
1850,o,p
1851,o,p
1852,o,e
1853,o,p
1854,o,p
1855,o,p
1856,o,p
1857,o,p
1858,o,p
1859,o,p
1860,o,e
1861,o,p
1862,o,p
1863,o,e
1864,o,p
1865,o,e
1866,o,p
1867,o,p
1868,o,e
1869,o,e
1870,o,e
1871,o,e
1872,o,p
1873,o,e
1874,o,e
1875,o,p
1876,o,p
1877,o,p
1878,o,p
1879,o,e
1880,o,e
1881,o,e
1882,o,e
1883,o,p
1884,o,p
1885,o,p
1886,o,p
1887,o,e
1888,o,p
1889,o,p
1890,o,p
1891,o,e
1892,o,e
1893,o,e
1894,o,e
1895,o,e
1896,o,p
1897,o,p
1898,o,e
1899,o,e
1900,o,e
1901,o,p
1902,o,e
1903,o,e
1904,o,e
1905,o,e
1906,o,e
1907,o,e
1908,o,p
1909,o,e
1910,o,e
1911,o,p
1912,o,p
1913,o,p
1914,o,e
1915,o,e
1916,o,p
1917,o,p
1918,o,e
1919,o,e
1920,o,p
1921,o,p
1922,o,e
1923,o,e
1924,o,e
1925,o,p
1926,o,p
1927,o,e
1928,o,e
1929,o,e
1930,o,e
1931,o,p
1932,o,p
1933,o,p
1934,o,e
1935,o,e
1936,o,e
1937,o,p
1938,o,e
1939,o,e
1940,o,e
1941,o,p
1942,o,p
1943,o,p
1944,o,e
1945,o,e
1946,o,p
1947,o,e
1948,o,p
1949,o,p
1950,o,e
1951,o,p
1952,o,p
1953,o,p
1954,o,p
1955,o,p
1956,o,p
1957,o,e
1958,o,p
1959,o,p
1960,o,p
1961,o,p
1962,o,e
1963,o,p
1964,o,e
1965,o,e
1966,o,e
1967,o,p
1968,o,e
1969,o,p
1970,o,e
1971,o,e
1972,o,e
1973,o,p
1974,o,p
1975,o,e
1976,o,p
1977,o,p
1978,o,p
1979,o,e
1980,o,p
1981,o,e
1982,o,e
1983,o,p
1984,o,e
1985,o,p
1986,o,p
1987,o,e
1988,o,p
1989,o,p
1990,o,p
1991,o,p
1992,o,p
1993,o,e
1994,o,p
1995,o,e
1996,o,p
1997,o,e
1998,o,e
1999,o,e
2000,o,e
2001,o,p
2002,o,p
2003,o,e
2004,o,p
2005,o,p
2006,o,p
2007,o,p
2008,o,e
2009,o,e
2010,o,p
2011,o,e
2012,o,e
2013,o,p
2014,o,e
2015,o,e
2016,o,e
2017,o,e
2018,o,p
2019,o,p
2020,o,e
2021,o,p
2022,o,p
2023,o,p
2024,o,e
2025,o,p
2026,o,p
2027,o,e
2028,o,p
2029,o,e
2030,o,p
2031,o,p
2032,o,e
2033,o,p
2034,o,p
2035,o,p
2036,o,e
2037,o,e
2038,o,e
2039,o,e
2040,o,p
2041,o,p
2042,o,p
2043,o,e
2044,o,e
2045,o,e
2046,o,p
2047,o,p
2048,o,e
2049,o,p
2050,o,p
2051,o,e
2052,o,p
2053,o,e
2054,o,e
2055,o,p
2056,o,e
2057,o,p
2058,o,p
2059,o,e
2060,o,p
2061,o,e
2062,o,p
2063,o,e
2064,o,p
2065,o,e
2066,o,p
2067,o,p
2068,o,p
2069,o,e
2070,o,p
2071,o,p
2072,o,p
2073,o,p
2074,o,p
2075,o,p
2076,o,p
2077,o,p
2078,o,p
2079,o,e
2080,o,p
2081,o,e
2082,o,e
2083,o,p
2084,o,p
2085,o,e
2086,o,e
2087,o,e
2088,o,p
2089,o,p
2090,o,p
2091,o,p
2092,o,e
2093,o,p
2094,o,e
2095,o,e
2096,o,p
2097,o,p
2098,o,e
2099,o,p
2100,o,e
2101,o,p
2102,o,p
2103,o,p
2104,o,p
2105,o,p
2106,o,p
2107,o,p
2108,o,p
2109,o,p
2110,o,p
2111,o,p
2112,o,p
2113,o,p
2114,o,p
2115,o,p
2116,o,p
2117,o,p
2118,o,p
2119,o,p
2120,o,p
2121,o,p
2122,o,p
2123,o,p
2124,o,p
2125,o,p
2126,o,p
2127,o,p
2128,o,p
2129,o,l
2130,o,p
2131,o,p
2132,o,e
2133,o,p
2134,o,p
2135,o,p
2136,o,p
2137,o,p
2138,o,p
2139,o,p
2140,o,p
2141,o,p
2142,o,p
2143,o,p
2144,o,p
2145,o,p
2146,o,p
2147,o,p
2148,o,p
2149,o,p
2150,o,p
2151,o,p
2152,o,p
2153,o,p
2154,o,p
2155,o,p
2156,o,p
2157,o,p
2158,o,p
2159,o,p
2160,o,p
2161,o,p
2162,o,p
2163,o,p
2164,o,p
2165,o,p
2166,o,p
2167,o,p
2168,o,p
2169,o,p
2170,o,p
2171,o,p
2172,o,p
2173,o,p
2174,o,p
2175,o,p
2176,o,p
2177,o,p
2178,o,p
2179,o,l
2180,o,p
2181,o,p
2182,o,p
2183,o,p
2184,o,p
2185,o,p
2186,o,p
2187,o,p
2188,o,p
2189,o,p
2190,o,p
2191,o,p
2192,o,p
2193,o,e
2194,o,p
2195,o,p
2196,o,p
2197,o,p
2198,o,p
2199,o,p
2200,o,p
2201,o,e
2202,o,p
2203,o,p
2204,o,p
2205,o,p
2206,o,p
2207,o,p
2208,o,p
2209,o,p
2210,o,p
2211,o,p
2212,o,p
2213,o,p
2214,o,p
2215,o,p
2216,o,p
2217,o,p
2218,o,p
2219,o,p
2220,o,p
2221,o,p
2222,o,p
2223,o,p
2224,o,p
2225,o,p
2226,o,p
2227,o,p
2228,o,e
2229,o,p
2230,o,p
2231,o,p
2232,o,p
2233,o,p
2234,o,p
2235,o,p
2236,o,p
2237,o,p
2238,o,e
2239,o,l
2240,o,p
2241,o,p
2242,o,p
2243,o,p
2244,o,p
2245,o,p
2246,o,p
2247,o,p
2248,o,e
2249,o,p
2250,o,p
2251,o,p
2252,o,p
2253,o,e
2254,o,p
2255,o,p
2256,o,p
2257,o,p
2258,o,p
2259,o,p
2260,o,p
2261,o,e
2262,o,p
2263,o,p
2264,o,p
2265,o,p
2266,o,p
2267,o,e
2268,o,p
2269,o,p
2270,o,p
2271,o,p
2272,o,e
2273,o,p
2274,o,p
2275,o,p
2276,o,p
2277,o,p
2278,o,p
2279,o,p
2280,o,p
2281,o,p
2282,o,p
2283,o,p
2284,o,p
2285,o,p
2286,o,p
2287,o,p
2288,o,p
2289,o,p
2290,o,p
2291,o,p
2292,o,p
2293,o,p
2294,o,p
2295,o,p
2296,o,e
2297,o,p
2298,o,e
2299,o,p
2300,o,p
2301,o,p
2302,o,p
2303,o,p
2304,o,p
2305,o,p
2306,o,p
2307,o,p
2308,o,p
2309,o,p
2310,o,p
2311,o,p
2312,o,p
2313,o,p
2314,o,p
2315,o,p
2316,o,p
2317,o,p
2318,o,p
2319,o,p
2320,o,p
2321,o,p
2322,o,p
2323,o,p
2324,o,p
2325,o,p
2326,o,p
2327,o,p
2328,o,p
2329,o,p
2330,o,p
2331,o,p
2332,o,p
2333,o,p
2334,o,p
2335,o,p
2336,o,p
2337,o,p
2338,o,p
2339,o,p
2340,o,p
2341,o,p
2342,o,p
2343,o,p
2344,o,p
2345,o,p
2346,o,p
2347,o,e
2348,o,p
2349,o,e
2350,o,p
2351,o,p
2352,o,p
2353,o,p
2354,o,p
2355,o,p
2356,o,p
2357,o,p
2358,o,p
2359,o,p
2360,o,p
2361,o,p
2362,o,p
2363,o,p
2364,o,p
2365,o,p
2366,o,p
2367,o,p
2368,o,e
2369,o,p
2370,o,p
2371,o,p
2372,o,p
2373,o,p
2374,o,p
2375,o,p
2376,o,p
2377,o,p
2378,o,e
2379,o,e
2380,o,p
2381,o,p
2382,o,p
2383,o,p
2384,o,p
2385,o,p
2386,o,l
2387,o,p
2388,o,e
2389,o,p
2390,o,p
2391,o,p
2392,o,p
2393,o,p
2394,o,p
2395,o,p
2396,o,p
2397,o,p
2398,o,p
2399,o,p
2400,o,p
2401,o,p
2402,o,p
2403,o,p
2404,o,p
2405,o,p
2406,o,p
2407,o,p
2408,o,p
2409,o,p
2410,o,p
2411,o,p
2412,o,p
2413,o,p
2414,o,p
2415,o,p
2416,o,p
2417,o,p
2418,o,p
2419,o,p
2420,o,p
2421,o,p
2422,o,p
2423,o,p
2424,o,p
2425,o,p
2426,o,p
2427,o,p
2428,o,p
2429,o,p
2430,o,p
2431,o,p
2432,o,p
2433,o,p
2434,o,p
2435,o,p
2436,o,p
2437,o,p
2438,o,p
2439,o,p
2440,o,p
2441,o,p
2442,o,p
2443,o,p
2444,o,l
2445,o,p
2446,o,p
2447,o,p
2448,o,p
2449,o,p
2450,o,p
2451,o,p
2452,o,p
2453,o,e
2454,o,p
2455,o,p
2456,o,p
2457,o,p
2458,o,p
2459,o,p
2460,o,p
2461,o,p
2462,o,p
2463,o,p
2464,o,p
2465,o,p
2466,o,p
2467,o,p
2468,o,p
2469,o,p
2470,o,p
2471,o,p
2472,o,p
2473,o,p
2474,o,p
2475,o,p
2476,o,p
2477,o,p
2478,o,p
2479,o,p
2480,o,e
2481,o,p
2482,o,p
2483,o,p
2484,o,p
2485,o,p
2486,o,p
2487,o,p
2488,o,e
2489,o,p
2490,o,p
2491,o,p
2492,o,p
2493,o,p
2494,o,p
2495,o,p
2496,o,p
2497,o,p
2498,o,p
2499,o,p
2500,o,p
2501,o,e
2502,o,e
2503,o,p
2504,o,p
2505,o,p
2506,o,p
2507,o,p
2508,o,p
2509,o,p
2510,o,p
2511,o,p
2512,o,p
2513,o,p
2514,o,p
2515,o,p
2516,o,p
2517,o,p
2518,o,p
2519,o,e
2520,o,p
2521,o,p
2522,o,p
2523,o,p
2524,o,p
2525,o,p
2526,o,p
2527,o,p
2528,o,p
2529,o,p
2530,o,p
2531,o,p
2532,o,p
2533,o,p
2534,o,l
2535,o,p
2536,o,p
2537,o,l
2538,o,p
2539,o,p
2540,o,l
2541,o,p
2542,o,p
2543,o,p
2544,o,p
2545,o,p
2546,o,p
2547,o,p
2548,o,p
2549,o,p
2550,o,p
2551,o,p
2552,o,p
2553,o,p
2554,o,p
2555,o,p
2556,o,p
2557,o,p
2558,o,p
2559,o,p
2560,o,p
2561,o,p
2562,o,p
2563,o,p
2564,o,p
2565,o,p
2566,o,p
2567,o,l
2568,o,p
2569,o,p
2570,o,p
2571,o,p
2572,o,l
2573,o,p
2574,o,p
2575,o,p
2576,o,p
2577,o,p
2578,o,p
2579,o,p
2580,o,p
2581,o,p
2582,o,p
2583,o,p
2584,o,p
2585,o,p
2586,o,p
2587,o,p
2588,o,p
2589,o,p
2590,o,p
2591,o,p
2592,o,p
2593,o,p
2594,o,p
2595,o,l
2596,o,p
2597,o,p
2598,o,p
2599,o,p
2600,o,p
2601,o,p
2602,o,p
2603,o,p
2604,o,p
2605,o,p
2606,o,l
2607,o,p
2608,o,p
2609,o,p
2610,o,p
2611,o,p
2612,o,p
2613,o,p
2614,o,p
2615,o,p
2616,o,p
2617,o,p
2618,o,p
2619,o,p
2620,o,p
2621,o,p
2622,o,p
2623,o,p
2624,o,p
2625,o,p
2626,o,p
2627,o,p
2628,o,p
2629,o,p
2630,o,p
2631,o,e
2632,o,p
2633,o,p
2634,o,p
2635,o,p
2636,o,p
2637,o,p
2638,o,p
2639,o,p
2640,o,p
2641,o,p
2642,o,p
2643,o,p
2644,o,p
2645,o,p
2646,o,p
2647,o,p
2648,o,e
2649,o,p
2650,o,p
2651,o,p
2652,o,p
2653,o,p
2654,o,p
2655,o,p
2656,o,p
2657,o,p
2658,o,p
2659,o,p
2660,o,p
2661,o,p
2662,o,p
2663,o,p
2664,o,p
2665,o,p
2666,o,p
2667,o,p
2668,o,p
2669,o,p
2670,o,p
2671,o,p
2672,o,p
2673,o,p
2674,o,p
2675,o,p
2676,o,p
2677,o,p
2678,o,p
2679,o,p
2680,o,p
2681,o,p
2682,o,p
2683,o,p
2684,o,p
2685,o,p
2686,o,p
2687,o,p
2688,o,p
2689,o,p
2690,o,p
2691,o,e
2692,o,p
2693,o,p
2694,o,p
2695,o,p
2696,o,p
2697,o,p
2698,o,l
2699,o,p
2700,o,p
2701,o,p
2702,o,p
2703,o,p
2704,o,p
2705,o,p
2706,o,p
2707,o,p
2708,o,p
2709,o,p
2710,o,p
2711,o,p
2712,o,p
2713,o,p
2714,o,p
2715,o,p
2716,o,p
2717,o,p
2718,o,p
2719,o,p
2720,o,p
2721,o,p
2722,o,p
2723,o,p
2724,o,p
2725,o,p
2726,o,p
2727,o,p
2728,o,p
2729,o,p
2730,o,p
2731,o,e
2732,o,p
2733,o,p
2734,o,p
2735,o,p
2736,o,p
2737,o,p
2738,o,p
2739,o,p
2740,o,p
2741,o,p
2742,o,p
2743,o,p
2744,o,p
2745,o,p
2746,o,p
2747,o,p
2748,o,p
2749,o,p
2750,o,p
2751,o,p
2752,o,p
2753,o,p
2754,o,p
2755,o,p
2756,o,p
2757,o,p
2758,o,p
2759,o,p
2760,o,p
2761,o,p
2762,o,p
2763,o,p
2764,o,p
2765,o,p
2766,o,p
2767,o,l
2768,o,p
2769,o,p
2770,o,p
2771,o,l
2772,o,p
2773,o,p
2774,o,p
2775,o,p
2776,o,p
2777,o,p
2778,o,p
2779,o,p
2780,o,p
2781,o,p
2782,o,p
2783,o,p
2784,o,p
2785,o,p
2786,o,p
2787,o,p
2788,o,p
2789,o,e
2790,o,p
2791,o,p
2792,o,p
2793,o,p
2794,o,p
2795,o,p
2796,o,p
2797,o,p
2798,o,p
2799,o,p
2800,o,p
2801,o,p
2802,o,e
2803,o,p
2804,o,p
2805,o,p
2806,o,p
2807,o,p
2808,o,p
2809,o,p
2810,o,p
2811,o,p
2812,o,p
2813,o,p
2814,o,p
2815,o,p
2816,o,p
2817,o,p
2818,o,e
2819,o,p
2820,o,p
2821,o,p
2822,o,p
2823,o,p
2824,o,p
2825,o,p
2826,o,p
2827,o,p
2828,o,p
2829,o,p
2830,o,p
2831,o,p
2832,o,p
2833,o,p
2834,o,p
2835,o,p
2836,o,p
2837,o,p
2838,o,p
2839,o,p
2840,o,p
2841,o,p
2842,o,p
2843,o,p
2844,o,p
2845,o,e
2846,o,p
2847,o,p
2848,o,p
2849,o,p
2850,o,p
2851,o,p
2852,o,p
2853,o,p
2854,o,p
2855,o,p
2856,o,p
2857,o,p
2858,o,p
2859,o,p
2860,o,p
2861,o,p
2862,o,p
2863,o,p
2864,o,p
2865,o,p
2866,o,p
2867,o,p
2868,o,p
2869,o,p
2870,o,p
2871,o,p
2872,o,p
2873,o,p
2874,o,p
2875,o,p
2876,o,p
2877,o,p
2878,o,p
2879,o,p
2880,o,p
2881,o,p
2882,o,e
2883,o,p
2884,o,p
2885,o,p
2886,o,p
2887,o,p
2888,o,p
2889,o,p
2890,o,p
2891,o,e
2892,o,p
2893,o,p
2894,o,p
2895,o,p
2896,o,p
2897,o,p
2898,o,p
2899,o,p
2900,o,p
2901,o,p
2902,o,p
2903,o,p
2904,o,l
2905,o,p
2906,o,p
2907,o,p
2908,o,p
2909,o,p
2910,o,p
2911,o,p
2912,o,p
2913,o,p
2914,o,p
2915,o,p
2916,o,p
2917,o,p
2918,o,p
2919,o,p
2920,o,p
2921,o,p
2922,o,p
2923,o,p
2924,o,p
2925,o,p
2926,o,p
2927,o,l
2928,o,p
2929,o,p
2930,o,p
2931,o,p
2932,o,p
2933,o,p
2934,o,p
2935,o,p
2936,o,p
2937,o,p
2938,o,l
2939,o,p
2940,o,p
2941,o,p
2942,o,p
2943,o,p
2944,o,p
2945,o,p
2946,o,p
2947,o,p
2948,o,p
2949,o,p
2950,o,p
2951,o,p
2952,o,p
2953,o,p
2954,o,p
2955,o,p
2956,o,p
2957,o,p
2958,o,p
2959,o,p
2960,o,p
2961,o,p
2962,o,p
2963,o,p
2964,o,p
2965,o,p
2966,o,p
2967,o,e
2968,o,p
2969,o,p
2970,o,p
2971,o,p
2972,o,p
2973,o,p
2974,o,p
2975,o,p
2976,o,p
2977,o,p
2978,o,p
2979,o,p
2980,o,p
2981,o,p
2982,o,p
2983,o,p
2984,o,p
2985,o,p
2986,o,p
2987,o,p
2988,o,p
2989,o,p
2990,o,p
2991,o,l
2992,o,p
2993,o,p
2994,o,p
2995,o,p
2996,o,p
2997,o,p
2998,o,p
2999,o,p
3000,o,p
3001,o,p
3002,o,l
3003,o,p
3004,o,l
3005,o,p
3006,o,p
3007,o,p
3008,o,p
3009,o,p
3010,o,l
3011,o,p
3012,o,p
3013,o,p
3014,o,p
3015,o,p
3016,o,p
3017,o,l
3018,o,l
3019,o,p
3020,o,p
3021,o,p
3022,o,p
3023,o,p
3024,o,p
3025,o,p
3026,o,p
3027,o,p
3028,o,l
3029,o,p
3030,o,p
3031,o,p
3032,o,p
3033,o,p
3034,o,p
3035,o,l
3036,o,p
3037,o,p
3038,o,p
3039,o,p
3040,o,p
3041,o,l
3042,o,l
3043,o,p
3044,o,p
3045,o,p
3046,o,p
3047,o,p
3048,o,p
3049,o,p
3050,o,p
3051,o,p
3052,o,p
3053,o,p
3054,o,p
3055,o,p
3056,o,p
3057,o,p
3058,o,p
3059,o,p
3060,o,p
3061,o,l
3062,o,p
3063,o,l
3064,o,p
3065,o,l
3066,o,p
3067,o,p
3068,o,p
3069,o,p
3070,o,l
3071,o,p
3072,o,p
3073,o,p
3074,o,l
3075,o,p
3076,o,l
3077,o,p
3078,o,p
3079,o,l
3080,o,p
3081,o,p
3082,o,p
3083,o,l
3084,o,p
3085,o,p
3086,o,l
3087,o,p
3088,o,l
3089,o,p
3090,o,l
3091,o,l
3092,o,l
3093,o,p
3094,o,l
3095,o,p
3096,o,p
3097,o,p
3098,o,p
3099,o,p
3100,o,p
3101,o,p
3102,o,p
3103,o,l
3104,o,l
3105,o,p
3106,o,p
3107,o,p
3108,o,p
3109,o,p
3110,o,l
3111,o,p
3112,o,p
3113,o,p
3114,o,p
3115,o,p
3116,o,p
3117,o,p
3118,o,p
3119,o,p
3120,o,p
3121,o,p
3122,o,p
3123,o,l
3124,o,p
3125,o,p
3126,o,p
3127,o,p
3128,o,p
3129,o,p
3130,o,p
3131,o,p
3132,o,p
3133,o,p
3134,o,p
3135,o,p
3136,o,p
3137,o,p
3138,o,p
3139,o,l
3140,o,p
3141,o,p
3142,o,l
3143,o,p
3144,o,p
3145,o,p
3146,o,p
3147,o,p
3148,o,p
3149,o,p
3150,o,p
3151,o,p
3152,o,p
3153,o,l
3154,o,p
3155,o,p
3156,o,p
3157,o,p
3158,o,p
3159,o,p
3160,o,l
3161,o,p
3162,o,l
3163,o,p
3164,o,p
3165,o,l
3166,o,p
3167,o,l
3168,o,p
3169,o,l
3170,o,p
3171,o,p
3172,o,p
3173,o,p
3174,o,l
3175,o,p
3176,o,p
3177,o,p
3178,o,p
3179,o,p
3180,o,l
3181,o,p
3182,o,p
3183,o,p
3184,o,p
3185,o,p
3186,o,p
3187,o,p
3188,o,l
3189,o,l
3190,o,p
3191,o,l
3192,o,p
3193,o,p
3194,o,l
3195,o,p
3196,o,p
3197,o,p
3198,o,p
3199,o,p
3200,o,l
3201,o,p
3202,o,l
3203,o,p
3204,o,p
3205,o,p
3206,o,l
3207,o,p
3208,o,p
3209,o,l
3210,o,p
3211,o,p
3212,o,l
3213,o,p
3214,o,p
3215,o,p
3216,o,p
3217,o,p
3218,o,p
3219,o,p
3220,o,p
3221,o,p
3222,o,p
3223,o,p
3224,o,p
3225,o,p
3226,o,p
3227,o,l
3228,o,p
3229,o,p
3230,o,p
3231,o,p
3232,o,l
3233,o,p
3234,o,l
3235,o,p
3236,o,l
3237,o,p
3238,o,p
3239,o,p
3240,o,l
3241,o,p
3242,o,p
3243,o,p
3244,o,l
3245,o,p
3246,o,l
3247,o,l
3248,o,p
3249,o,l
3250,o,p
3251,o,p
3252,o,p
3253,o,p
3254,o,p
3255,o,p
3256,o,p
3257,o,p
3258,o,p
3259,o,p
3260,o,l
3261,o,p
3262,o,p
3263,o,p
3264,o,p
3265,o,l
3266,o,l
3267,o,p
3268,o,p
3269,o,p
3270,o,l
3271,o,p
3272,o,p
3273,o,p
3274,o,p
3275,o,l
3276,o,p
3277,o,p
3278,o,l
3279,o,p
3280,o,p
3281,o,l
3282,o,l
3283,o,p
3284,o,p
3285,o,l
3286,o,p
3287,o,p
3288,o,p
3289,o,p
3290,o,p
3291,o,p
3292,o,p
3293,o,p
3294,o,p
3295,o,p
3296,o,p
3297,o,p
3298,o,p
3299,o,l
3300,o,p
3301,o,l
3302,o,p
3303,o,p
3304,o,p
3305,o,l
3306,o,p
3307,o,p
3308,o,p
3309,o,p
3310,o,p
3311,o,p
3312,o,p
3313,o,p
3314,o,l
3315,o,p
3316,o,p
3317,o,p
3318,o,p
3319,o,p
3320,o,p
3321,o,p
3322,o,p
3323,o,p
3324,o,l
3325,o,p
3326,o,p
3327,o,p
3328,o,p
3329,o,l
3330,o,p
3331,o,p
3332,o,p
3333,o,p
3334,o,p
3335,o,l
3336,o,p
3337,o,p
3338,o,p
3339,o,p
3340,o,l
3341,o,p
3342,o,l
3343,o,p
3344,o,p
3345,o,p
3346,o,p
3347,o,p
3348,o,p
3349,o,p
3350,o,l
3351,o,p
3352,o,p
3353,o,l
3354,o,p
3355,o,p
3356,o,p
3357,o,p
3358,o,p
3359,o,l
3360,o,p
3361,o,p
3362,o,p
3363,o,l
3364,o,l
3365,o,p
3366,o,p
3367,o,p
3368,o,p
3369,o,p
3370,o,p
3371,o,p
3372,o,p
3373,o,l
3374,o,p
3375,o,p
3376,o,p
3377,o,p
3378,o,p
3379,o,p
3380,o,l
3381,o,p
3382,o,p
3383,o,p
3384,o,p
3385,o,p
3386,o,p
3387,o,p
3388,o,p
3389,o,p
3390,o,l
3391,o,p
3392,o,p
3393,o,p
3394,o,p
3395,o,p
3396,o,p
3397,o,p
3398,o,p
3399,o,p
3400,o,l
3401,o,p
3402,o,p
3403,o,l
3404,o,p
3405,o,p
3406,o,p
3407,o,p
3408,o,p
3409,o,p
3410,o,p
3411,o,p
3412,o,p
3413,o,p
3414,o,p
3415,o,p
3416,o,p
3417,o,p
3418,o,l
3419,o,p
3420,o,p
3421,o,p
3422,o,p
3423,o,p
3424,o,p
3425,o,p
3426,o,l
3427,o,p
3428,o,p
3429,o,p
3430,o,p
3431,o,p
3432,o,p
3433,o,l
3434,o,p
3435,o,p
3436,o,p
3437,o,p
3438,o,l
3439,o,p
3440,o,l
3441,o,p
3442,o,p
3443,o,p
3444,o,p
3445,o,p
3446,o,p
3447,o,p
3448,o,l
3449,o,p
3450,o,p
3451,o,p
3452,o,l
3453,o,p
3454,o,l
3455,o,p
3456,o,p
3457,o,p
3458,o,p
3459,o,p
3460,o,p
3461,o,p
3462,o,p
3463,o,p
3464,o,p
3465,o,p
3466,o,l
3467,o,p
3468,o,p
3469,o,p
3470,o,p
3471,o,p
3472,o,p
3473,o,p
3474,o,l
3475,o,p
3476,o,p
3477,o,p
3478,o,p
3479,o,p
3480,o,l
3481,o,p
3482,o,p
3483,o,p
3484,o,p
3485,o,p
3486,o,p
3487,o,p
3488,o,p
3489,o,l
3490,o,p
3491,o,l
3492,o,p
3493,o,l
3494,o,p
3495,o,p
3496,o,p
3497,o,l
3498,o,p
3499,o,p
3500,o,p
3501,o,p
3502,o,p
3503,o,p
3504,o,p
3505,o,p
3506,o,p
3507,o,l
3508,o,p
3509,o,l
3510,o,p
3511,o,p
3512,o,l
3513,o,p
3514,o,l
3515,o,p
3516,o,p
3517,o,p
3518,o,p
3519,o,p
3520,o,p
3521,o,p
3522,o,p
3523,o,l
3524,o,p
3525,o,p
3526,o,p
3527,o,p
3528,o,p
3529,o,p
3530,o,p
3531,o,p
3532,o,p
3533,o,p
3534,o,l
3535,o,p
3536,o,p
3537,o,p
3538,o,p
3539,o,p
3540,o,l
3541,o,p
3542,o,p
3543,o,p
3544,o,p
3545,o,l
3546,o,p
3547,o,p
3548,o,p
3549,o,p
3550,o,p
3551,o,p
3552,o,p
3553,o,p
3554,o,p
3555,o,p
3556,o,p
3557,o,l
3558,o,p
3559,o,p
3560,o,l
3561,o,p
3562,o,p
3563,o,p
3564,o,p
3565,o,p
3566,o,l
3567,o,p
3568,o,l
3569,o,p
3570,o,p
3571,o,l
3572,o,p
3573,o,l
3574,o,p
3575,o,p
3576,o,p
3577,o,p
3578,o,p
3579,o,p
3580,o,p
3581,o,p
3582,o,l
3583,o,p
3584,o,p
3585,o,p
3586,o,p
3587,o,p
3588,o,p
3589,o,p
3590,o,p
3591,o,p
3592,o,p
3593,o,p
3594,o,p
3595,o,l
3596,o,p
3597,o,p
3598,o,l
3599,o,p
3600,o,l
3601,o,p
3602,o,p
3603,o,p
3604,o,p
3605,o,l
3606,o,p
3607,o,l
3608,o,l
3609,o,l
3610,o,p
3611,o,l
3612,o,p
3613,o,p
3614,o,p
3615,o,l
3616,o,p
3617,o,p
3618,o,p
3619,o,p
3620,o,p
3621,o,p
3622,o,l
3623,o,l
3624,o,p
3625,o,p
3626,o,l
3627,o,p
3628,o,p
3629,o,p
3630,o,p
3631,o,l
3632,o,p
3633,o,p
3634,o,l
3635,o,p
3636,o,l
3637,o,p
3638,o,p
3639,o,p
3640,o,p
3641,o,p
3642,o,p
3643,o,p
3644,o,p
3645,o,l
3646,o,p
3647,o,p
3648,o,l
3649,o,l
3650,o,l
3651,o,p
3652,o,p
3653,o,l
3654,o,l
3655,o,l
3656,o,p
3657,o,p
3658,o,p
3659,o,l
3660,o,p
3661,o,p
3662,o,l
3663,o,p
3664,o,p
3665,o,p
3666,o,p
3667,o,p
3668,o,l
3669,o,p
3670,o,p
3671,o,p
3672,o,p
3673,o,p
3674,o,p
3675,o,p
3676,o,l
3677,o,p
3678,o,p
3679,o,p
3680,o,p
3681,o,p
3682,o,p
3683,o,p
3684,o,p
3685,o,l
3686,o,p
3687,o,l
3688,o,p
3689,o,p
3690,o,p
3691,o,p
3692,o,p
3693,o,p
3694,o,p
3695,o,l
3696,o,p
3697,o,p
3698,o,p
3699,o,p
3700,o,p
3701,o,p
3702,o,l
3703,o,p
3704,o,p
3705,o,l
3706,o,p
3707,o,p
3708,o,p
3709,o,l
3710,o,p
3711,o,l
3712,o,p
3713,o,p
3714,o,l
3715,o,p
3716,o,p
3717,o,p
3718,o,p
3719,o,l
3720,o,p
3721,o,p
3722,o,p
3723,o,p
3724,o,p
3725,o,l
3726,o,p
3727,o,l
3728,o,p
3729,o,p
3730,o,p
3731,o,p
3732,o,p
3733,o,p
3734,o,p
3735,o,l
3736,o,p
3737,o,p
3738,o,l
3739,o,p
3740,o,p
3741,o,p
3742,o,l
3743,o,p
3744,o,p
3745,o,p
3746,o,p
3747,o,l
3748,o,p
3749,o,p
3750,o,p
3751,o,l
3752,o,p
3753,o,p
3754,o,p
3755,o,p
3756,o,l
3757,o,p
3758,o,p
3759,o,l
3760,o,p
3761,o,p
3762,o,p
3763,o,p
3764,o,p
3765,o,p
3766,o,p
3767,o,p
3768,o,p
3769,o,p
3770,o,p
3771,o,p
3772,o,p
3773,o,p
3774,o,p
3775,o,p
3776,o,l
3777,o,p
3778,o,p
3779,o,p
3780,o,p
3781,o,p
3782,o,l
3783,o,p
3784,o,l
3785,o,p
3786,o,p
3787,o,p
3788,o,l
3789,o,p
3790,o,p
3791,o,l
3792,o,p
3793,o,p
3794,o,p
3795,o,p
3796,o,p
3797,o,p
3798,o,p
3799,o,p
3800,o,p
3801,o,p
3802,o,p
3803,o,p
3804,o,p
3805,o,p
3806,o,p
3807,o,p
3808,o,p
3809,o,l
3810,o,p
3811,o,l
3812,o,p
3813,o,p
3814,o,p
3815,o,p
3816,o,l
3817,o,p
3818,o,p
3819,o,p
3820,o,p
3821,o,p
3822,o,p
3823,o,l
3824,o,p
3825,o,p
3826,o,p
3827,o,p
3828,o,p
3829,o,p
3830,o,l
3831,o,p
3832,o,p
3833,o,p
3834,o,p
3835,o,l
3836,o,l
3837,o,p
3838,o,p
3839,o,p
3840,o,p
3841,o,l
3842,o,p
3843,o,p
3844,o,l
3845,o,p
3846,o,p
3847,o,p
3848,o,p
3849,o,p
3850,o,p
3851,o,p
3852,o,p
3853,o,p
3854,o,p
3855,o,l
3856,o,p
3857,o,p
3858,o,p
3859,o,p
3860,o,p
3861,o,p
3862,o,p
3863,o,p
3864,o,p
3865,o,l
3866,o,p
3867,o,p
3868,o,p
3869,o,p
3870,o,p
3871,o,p
3872,o,l
3873,o,p
3874,o,l
3875,o,p
3876,o,p
3877,o,p
3878,o,p
3879,o,p
3880,o,p
3881,o,p
3882,o,p
3883,o,p
3884,o,p
3885,o,p
3886,o,p
3887,o,p
3888,o,p
3889,o,p
3890,o,l
3891,o,l
3892,o,p
3893,o,l
3894,o,p
3895,o,l
3896,o,l
3897,o,p
3898,o,p
3899,o,p
3900,o,p
3901,o,l
3902,o,l
3903,o,l
3904,o,l
3905,o,p
3906,o,l
3907,o,l
3908,o,l
3909,o,l
3910,o,l
3911,o,p
3912,o,l
3913,o,l
3914,o,l
3915,o,p
3916,o,p
3917,o,p
3918,o,l
3919,o,l
3920,o,l
3921,o,p
3922,o,l
3923,o,p
3924,o,p
3925,o,p
3926,o,l
3927,o,l
3928,o,l
3929,o,p
3930,o,l
3931,o,l
3932,o,l
3933,o,l
3934,o,l
3935,o,l
3936,o,p
3937,o,l
3938,o,p
3939,o,p
3940,o,p
3941,o,l
3942,o,l
3943,o,p
3944,o,p
3945,o,l
3946,o,p
3947,o,l
3948,o,l
3949,o,p
3950,o,l
3951,o,l
3952,o,l
3953,o,l
3954,o,p
3955,o,p
3956,o,l
3957,o,l
3958,o,l
3959,o,p
3960,o,p
3961,o,l
3962,o,p
3963,o,l
3964,o,l
3965,o,l
3966,o,l
3967,o,l
3968,o,l
3969,o,l
3970,o,p
3971,o,l
3972,o,l
3973,o,p
3974,o,p
3975,o,l
3976,o,p
3977,o,l
3978,o,l
3979,o,p
3980,o,p
3981,o,l
3982,o,p
3983,o,p
3984,o,l
3985,t,e
3986,o,l
3987,o,l
3988,o,l
3989,o,l
3990,o,p
3991,o,l
3992,o,l
3993,o,l
3994,o,p
3995,o,p
3996,o,l
3997,o,p
3998,o,l
3999,o,p
4000,o,l
4001,o,p
4002,o,l
4003,o,p
4004,o,p
4005,o,l
4006,o,l
4007,o,p
4008,o,l
4009,o,p
4010,o,p
4011,o,p
4012,o,l
4013,o,p
4014,o,l
4015,o,l
4016,o,l
4017,o,l
4018,o,l
4019,o,p
4020,o,p
4021,o,l
4022,o,l
4023,o,l
4024,o,e
4025,o,l
4026,o,l
4027,o,p
4028,o,l
4029,o,p
4030,o,l
4031,o,l
4032,o,p
4033,o,l
4034,o,p
4035,o,l
4036,o,l
4037,o,l
4038,o,l
4039,o,l
4040,o,p
4041,o,l
4042,o,p
4043,o,l
4044,o,l
4045,o,l
4046,o,p
4047,o,l
4048,o,p
4049,o,p
4050,o,l
4051,o,l
4052,o,p
4053,o,l
4054,o,l
4055,o,p
4056,o,l
4057,o,l
4058,o,p
4059,o,p
4060,o,p
4061,o,l
4062,o,p
4063,o,p
4064,o,l
4065,o,l
4066,o,l
4067,o,l
4068,o,l
4069,o,p
4070,o,l
4071,o,l
4072,o,l
4073,o,l
4074,o,p
4075,o,p
4076,o,l
4077,o,f
4078,o,p
4079,o,l
4080,o,l
4081,o,l
4082,o,l
4083,o,l
4084,o,l
4085,o,l
4086,o,l
4087,o,l
4088,o,p
4089,o,l
4090,o,p
4091,o,l
4092,o,l
4093,o,p
4094,o,p
4095,o,l
4096,o,p
4097,o,p
4098,o,l
4099,o,p
4100,o,l
4101,o,e
4102,o,l
4103,o,l
4104,o,p
4105,o,e
4106,o,p
4107,t,p
4108,o,p
4109,o,l
4110,o,p
4111,o,l
4112,o,l
4113,o,l
4114,o,p
4115,o,l
4116,o,l
4117,o,l
4118,o,l
4119,o,l
4120,o,l
4121,o,l
4122,o,p
4123,o,l
4124,o,l
4125,o,p
4126,o,l
4127,o,l
4128,o,p
4129,o,l
4130,o,p
4131,o,l
4132,o,l
4133,o,l
4134,o,p
4135,o,p
4136,o,l
4137,o,l
4138,o,l
4139,o,p
4140,o,l
4141,o,l
4142,o,p
4143,o,p
4144,o,p
4145,o,l
4146,o,l
4147,o,l
4148,o,l
4149,o,l
4150,o,l
4151,o,p
4152,o,l
4153,o,l
4154,o,l
4155,o,p
4156,o,p
4157,o,p
4158,o,l
4159,o,l
4160,o,p
4161,o,l
4162,o,p
4163,o,l
4164,o,l
4165,o,l
4166,o,e
4167,o,l
4168,o,l
4169,o,l
4170,o,l
4171,o,p
4172,o,l
4173,o,l
4174,o,l
4175,o,l
4176,o,l
4177,o,p
4178,o,l
4179,o,l
4180,o,p
4181,o,l
4182,o,l
4183,o,l
4184,o,p
4185,o,l
4186,o,l
4187,o,p
4188,o,p
4189,o,l
4190,o,l
4191,o,l
4192,o,l
4193,o,l
4194,o,l
4195,o,p
4196,o,p
4197,o,e
4198,o,p
4199,o,p
4200,o,p
4201,o,e
4202,o,l
4203,o,l
4204,o,p
4205,o,l
4206,o,l
4207,o,l
4208,o,l
4209,o,l
4210,o,l
4211,o,l
4212,o,l
4213,o,l
4214,o,l
4215,o,l
4216,o,l
4217,o,p
4218,o,l
4219,o,l
4220,o,l
4221,o,l
4222,o,l
4223,o,l
4224,o,l
4225,o,p
4226,o,l
4227,o,l
4228,o,l
4229,o,l
4230,o,l
4231,o,l
4232,o,l
4233,o,p
4234,o,l
4235,o,l
4236,o,l
4237,o,l
4238,o,l
4239,o,l
4240,o,l
4241,o,l
4242,o,l
4243,o,l
4244,o,l
4245,o,l
4246,o,p
4247,o,l
4248,o,p
4249,o,l
4250,o,l
4251,o,l
4252,o,l
4253,o,l
4254,o,p
4255,o,l
4256,o,l
4257,o,l
4258,o,l
4259,o,l
4260,o,l
4261,o,l
4262,o,l
4263,o,p
4264,o,l
4265,o,l
4266,o,l
4267,o,l
4268,o,l
4269,o,l
4270,o,l
4271,o,l
4272,o,l
4273,o,l
4274,o,l
4275,o,l
4276,o,l
4277,o,e
4278,o,l
4279,o,l
4280,o,l
4281,o,l
4282,o,l
4283,o,l
4284,t,e
4285,o,l
4286,o,l
4287,o,l
4288,o,l
4289,o,l
4290,o,l
4291,o,l
4292,t,e
4293,o,l
4294,o,l
4295,o,l
4296,o,l
4297,o,l
4298,o,l
4299,o,l
4300,o,l
4301,o,l
4302,o,l
4303,o,l
4304,o,l
4305,o,l
4306,o,p
4307,o,l
4308,o,l
4309,o,l
4310,o,l
4311,o,l
4312,o,l
4313,o,l
4314,o,l
4315,o,l
4316,o,l
4317,o,l
4318,o,l
4319,o,l
4320,o,l
4321,o,l
4322,o,l
4323,o,l
4324,o,l
4325,o,l
4326,o,l
4327,o,f
4328,o,l
4329,o,l
4330,o,e
4331,o,l
4332,o,e
4333,o,l
4334,o,l
4335,o,l
4336,o,l
4337,o,l
4338,o,l
4339,o,l
4340,o,l
4341,o,l
4342,o,p
4343,o,l
4344,o,l
4345,o,l
4346,o,l
4347,o,l
4348,o,l
4349,o,l
4350,o,p
4351,o,l
4352,o,l
4353,o,l
4354,o,l
4355,o,l
4356,o,l
4357,o,l
4358,t,e
4359,o,l
4360,o,l
4361,o,l
4362,o,l
4363,o,l
4364,o,l
4365,o,p
4366,o,p
4367,o,l
4368,o,l
4369,o,l
4370,o,l
4371,o,l
4372,o,l
4373,o,l
4374,o,l
4375,o,p
4376,o,p
4377,o,e
4378,o,l
4379,o,l
4380,o,p
4381,t,e
4382,o,l
4383,o,l
4384,o,l
4385,o,l
4386,o,l
4387,o,l
4388,o,l
4389,o,l
4390,o,l
4391,o,l
4392,o,l
4393,o,l
4394,o,l
4395,o,l
4396,o,l
4397,o,f
4398,o,l
4399,o,l
4400,o,l
4401,o,l
4402,o,l
4403,o,l
4404,o,l
4405,o,l
4406,o,l
4407,o,l
4408,o,l
4409,o,l
4410,o,l
4411,o,p
4412,o,p
4413,o,l
4414,o,l
4415,o,l
4416,o,l
4417,o,l
4418,o,p
4419,o,l
4420,t,e
4421,o,l
4422,o,l
4423,o,l
4424,o,l
4425,o,p
4426,o,l
4427,o,l
4428,o,l
4429,o,l
4430,o,e
4431,o,l
4432,o,l
4433,o,l
4434,o,l
4435,o,l
4436,o,l
4437,o,l
4438,o,l
4439,o,p
4440,o,l
4441,o,p
4442,o,l
4443,o,l
4444,o,l
4445,o,p
4446,o,l
4447,o,l
4448,o,l
4449,o,l
4450,o,l
4451,o,l
4452,o,p
4453,o,l
4454,o,l
4455,o,l
4456,o,l
4457,o,l
4458,o,l
4459,o,l
4460,t,e
4461,o,l
4462,o,e
4463,o,l
4464,o,l
4465,o,l
4466,o,l
4467,o,l
4468,o,l
4469,o,l
4470,o,p
4471,o,l
4472,o,l
4473,o,l
4474,o,l
4475,o,l
4476,o,l
4477,o,l
4478,o,l
4479,o,l
4480,o,l
4481,o,p
4482,o,l
4483,o,l
4484,o,l
4485,o,l
4486,o,l
4487,o,l
4488,o,l
4489,o,l
4490,o,l
4491,o,l
4492,o,e
4493,o,l
4494,o,l
4495,o,e
4496,o,l
4497,o,p
4498,t,e
4499,o,e
4500,o,p
4501,o,l
4502,o,l
4503,o,l
4504,o,l
4505,o,l
4506,o,l
4507,o,l
4508,o,l
4509,o,l
4510,o,l
4511,o,l
4512,o,l
4513,o,l
4514,o,l
4515,o,l
4516,o,l
4517,o,l
4518,o,l
4519,o,l
4520,t,e
4521,o,l
4522,o,l
4523,o,e
4524,o,l
4525,o,l
4526,o,l
4527,o,l
4528,o,l
4529,o,l
4530,o,l
4531,o,l
4532,o,l
4533,o,l
4534,o,f
4535,t,e
4536,o,l
4537,o,l
4538,o,l
4539,o,l
4540,o,l
4541,o,l
4542,o,l
4543,o,l
4544,o,l
4545,o,l
4546,o,l
4547,o,l
4548,o,l
4549,o,p
4550,t,p
4551,o,l
4552,o,l
4553,o,l
4554,o,l
4555,o,l
4556,o,l
4557,o,p
4558,o,f
4559,o,l
4560,o,l
4561,o,l
4562,o,l
4563,o,l
4564,o,l
4565,o,l
4566,o,l
4567,o,l
4568,o,l
4569,o,l
4570,o,l
4571,o,p
4572,o,l
4573,o,l
4574,o,l
4575,o,l
4576,o,l
4577,o,l
4578,o,l
4579,o,l
4580,o,l
4581,o,l
4582,o,l
4583,o,l
4584,o,p
4585,o,l
4586,o,l
4587,o,l
4588,o,l
4589,o,l
4590,o,l
4591,o,l
4592,o,l
4593,o,l
4594,o,l
4595,o,l
4596,o,l
4597,o,l
4598,o,l
4599,o,l
4600,o,l
4601,o,l
4602,o,l
4603,o,l
4604,o,l
4605,o,l
4606,o,l
4607,o,l
4608,o,l
4609,o,l
4610,o,l
4611,o,e
4612,t,e
4613,o,l
4614,o,l
4615,o,l
4616,o,l
4617,o,l
4618,o,l
4619,o,l
4620,o,l
4621,o,l
4622,o,l
4623,o,l
4624,o,l
4625,o,l
4626,o,l
4627,o,l
4628,o,l
4629,o,p
4630,o,p
4631,o,p
4632,o,l
4633,o,l
4634,o,l
4635,o,p
4636,o,l
4637,o,l
4638,o,l
4639,o,l
4640,o,l
4641,o,l
4642,o,p
4643,o,l
4644,o,l
4645,o,l
4646,o,l
4647,o,l
4648,o,f
4649,o,l
4650,o,l
4651,o,l
4652,o,l
4653,o,p
4654,o,l
4655,o,l
4656,o,l
4657,o,l
4658,o,l
4659,o,l
4660,o,l
4661,o,l
4662,o,p
4663,t,e
4664,o,f
4665,o,l
4666,o,l
4667,o,l
4668,o,l
4669,o,l
4670,o,l
4671,o,l
4672,o,l
4673,o,l
4674,t,e
4675,o,l
4676,o,l
4677,o,l
4678,o,l
4679,o,l
4680,o,l
4681,o,l
4682,o,l
4683,o,l
4684,o,l
4685,o,l
4686,o,l
4687,o,l
4688,o,l
4689,o,l
4690,o,l
4691,o,l
4692,o,l
4693,o,l
4694,o,l
4695,o,l
4696,o,l
4697,o,p
4698,o,l
4699,o,l
4700,o,p
4701,o,l
4702,o,l
4703,o,p
4704,o,l
4705,o,p
4706,o,l
4707,o,l
4708,o,l
4709,t,p
4710,o,p
4711,o,l
4712,o,l
4713,o,l
4714,o,l
4715,o,l
4716,o,l
4717,o,l
4718,o,f
4719,o,l
4720,o,p
4721,o,l
4722,o,l
4723,o,e
4724,o,l
4725,o,l
4726,o,l
4727,o,l
4728,o,l
4729,o,l
4730,o,l
4731,o,l
4732,o,l
4733,o,p
4734,o,l
4735,o,p
4736,o,l
4737,o,l
4738,o,l
4739,o,l
4740,o,l
4741,o,l
4742,o,l
4743,o,l
4744,o,l
4745,o,l
4746,o,l
4747,o,l
4748,o,l
4749,o,l
4750,o,p
4751,o,l
4752,o,l
4753,o,l
4754,o,l
4755,o,l
4756,o,l
4757,o,l
4758,o,l
4759,o,l
4760,o,l
4761,o,l
4762,o,l
4763,o,l
4764,o,l
4765,o,l
4766,o,l
4767,o,l
4768,o,l
4769,o,l
4770,o,l
4771,o,l
4772,o,l
4773,o,l
4774,o,l
4775,o,l
4776,o,l
4777,o,l
4778,t,e
4779,o,l
4780,o,p
4781,o,l
4782,o,l
4783,o,l
4784,o,p
4785,o,l
4786,o,l
4787,o,l
4788,o,l
4789,o,p
4790,o,l
4791,o,l
4792,o,l
4793,o,l
4794,o,l
4795,o,l
4796,o,l
4797,o,l
4798,o,l
4799,o,l
4800,o,p
4801,o,p
4802,o,e
4803,o,p
4804,o,l
4805,o,l
4806,o,l
4807,t,e
4808,o,l
4809,o,l
4810,o,l
4811,o,l
4812,o,l
4813,t,e
4814,o,l
4815,o,e
4816,o,l
4817,o,l
4818,o,e
4819,o,l
4820,o,l
4821,o,p
4822,o,l
4823,o,l
4824,o,l
4825,t,e
4826,o,l
4827,o,e
4828,o,l
4829,o,p
4830,o,l
4831,o,l
4832,t,e
4833,o,l
4834,o,l
4835,o,e
4836,o,p
4837,o,l
4838,o,l
4839,o,l
4840,o,l
4841,t,p
4842,o,p
4843,o,p
4844,t,p
4845,t,e
4846,o,p
4847,t,e
4848,o,l
4849,o,p
4850,o,l
4851,o,l
4852,o,l
4853,o,l
4854,o,l
4855,o,l
4856,o,l
4857,o,l
4858,o,l
4859,t,e
4860,t,e
4861,t,e
4862,o,l
4863,o,p
4864,o,l
4865,o,l
4866,o,p
4867,o,l
4868,o,l
4869,o,l
4870,o,e
4871,o,l
4872,t,e
4873,o,p
4874,o,l
4875,o,l
4876,o,l
4877,o,p
4878,o,l
4879,o,l
4880,o,l
4881,o,l
4882,o,l
4883,t,p
4884,o,l
4885,o,e
4886,o,l
4887,o,l
4888,o,l
4889,t,e
4890,o,p
4891,o,l
4892,o,l
4893,o,l
4894,o,p
4895,o,p
4896,o,l
4897,o,l
4898,o,l
4899,o,f
4900,o,f
4901,o,l
4902,o,l
4903,o,l
4904,o,e
4905,o,e
4906,o,l
4907,o,l
4908,o,l
4909,o,l
4910,o,l
4911,o,l
4912,t,e
4913,o,l
4914,o,l
4915,o,p
4916,o,l
4917,o,l
4918,o,l
4919,o,p
4920,o,l
4921,o,l
4922,o,p
4923,o,l
4924,o,p
4925,o,l
4926,o,l
4927,t,e
4928,o,l
4929,o,l
4930,o,l
4931,o,e
4932,t,e
4933,o,l
4934,o,l
4935,o,p
4936,o,l
4937,o,l
4938,o,l
4939,o,e
4940,t,e
4941,o,l
4942,o,l
4943,o,l
4944,o,l
4945,o,l
4946,t,e
4947,o,e
4948,o,l
4949,o,l
4950,o,l
4951,o,p
4952,t,e
4953,o,p
4954,o,l
4955,o,l
4956,o,l
4957,o,l
4958,o,l
4959,o,p
4960,o,l
4961,o,l
4962,o,l
4963,o,l
4964,o,p
4965,t,e
4966,t,e
4967,t,e
4968,t,p
4969,o,l
4970,o,l
4971,o,l
4972,o,l
4973,o,l
4974,o,l
4975,o,l
4976,o,l
4977,o,l
4978,o,l
4979,o,l
4980,o,l
4981,o,l
4982,o,l
4983,o,l
4984,o,l
4985,o,f
4986,o,l
4987,o,e
4988,o,l
4989,o,l
4990,o,l
4991,o,l
4992,o,l
4993,o,l
4994,t,e
4995,o,l
4996,o,l
4997,t,e
4998,o,l
4999,o,l
5000,o,e
5001,o,l
5002,o,e
5003,t,p
5004,o,l
5005,o,l
5006,o,f
5007,o,l
5008,o,l
5009,o,l
5010,o,l
5011,t,e
5012,o,l
5013,o,l
5014,o,l
5015,o,l
5016,t,e
5017,o,l
5018,o,l
5019,o,l
5020,o,l
5021,o,p
5022,o,p
5023,o,l
5024,o,f
5025,o,l
5026,o,l
5027,o,l
5028,o,l
5029,o,p
5030,o,l
5031,o,l
5032,o,l
5033,o,l
5034,o,l
5035,o,l
5036,o,l
5037,o,l
5038,o,l
5039,o,l
5040,o,l
5041,o,l
5042,o,e
5043,o,l
5044,o,l
5045,o,p
5046,o,l
5047,o,l
5048,o,l
5049,o,l
5050,o,l
5051,o,l
5052,o,e
5053,t,e
5054,t,e
5055,o,l
5056,o,l
5057,o,l
5058,o,l
5059,o,p
5060,o,l
5061,o,p
5062,o,l
5063,o,l
5064,o,p
5065,o,p
5066,o,p
5067,o,l
5068,o,l
5069,o,l
5070,o,l
5071,o,f
5072,t,e
5073,o,l
5074,o,l
5075,o,e
5076,o,l
5077,o,l
5078,o,l
5079,o,l
5080,o,p
5081,o,l
5082,o,l
5083,o,l
5084,o,l
5085,o,l
5086,o,e
5087,o,l
5088,o,e
5089,o,l
5090,o,l
5091,o,l
5092,o,l
5093,o,l
5094,o,l
5095,o,l
5096,o,l
5097,o,l
5098,t,p
5099,t,e
5100,o,l
5101,o,l
5102,t,e
5103,o,l
5104,o,p
5105,o,e
5106,o,e
5107,o,e
5108,o,p
5109,o,p
5110,o,e
5111,o,l
5112,o,l
5113,o,l
5114,t,e
5115,o,p
5116,o,p
5117,o,e
5118,o,e
5119,o,p
5120,o,p
5121,o,p
5122,o,p
5123,o,e
5124,o,l
5125,o,p
5126,o,p
5127,o,p
5128,o,p
5129,o,p
5130,o,p
5131,o,p
5132,o,e
5133,o,e
5134,o,e
5135,t,e
5136,t,e
5137,o,p
5138,t,p
5139,o,l
5140,o,l
5141,t,p
5142,o,e
5143,o,e
5144,o,l
5145,t,e
5146,o,e
5147,o,l
5148,o,e
5149,o,e
5150,o,e
5151,t,e
5152,t,e
5153,o,l
5154,t,p
5155,o,e
5156,o,e
5157,o,p
5158,o,p
5159,o,l
5160,o,p
5161,o,e
5162,o,p
5163,o,e
5164,t,e
5165,o,p
5166,o,p
5167,t,e
5168,o,l
5169,o,e
5170,t,e
5171,o,l
5172,o,p
5173,o,p
5174,o,l
5175,o,l
5176,t,e
5177,t,e
5178,t,p
5179,o,e
5180,t,e
5181,o,p
5182,o,p
5183,o,l
5184,o,p
5185,o,p
5186,o,e
5187,o,e
5188,o,l
5189,o,f
5190,o,l
5191,t,p
5192,o,p
5193,o,e
5194,t,e
5195,o,e
5196,o,l
5197,o,p
5198,t,e
5199,o,l
5200,o,l
5201,o,l
5202,o,p
5203,o,e
5204,o,l
5205,o,l
5206,o,e
5207,t,e
5208,o,l
5209,o,e
5210,o,p
5211,t,e
5212,o,l
5213,o,e
5214,o,p
5215,o,p
5216,t,p
5217,t,e
5218,o,p
5219,o,e
5220,t,e
5221,o,l
5222,t,e
5223,o,p
5224,t,e
5225,o,e
5226,o,p
5227,o,e
5228,o,e
5229,o,p
5230,o,e
5231,t,e
5232,o,e
5233,o,l
5234,t,e
5235,o,l
5236,o,l
5237,o,p
5238,o,p
5239,o,e
5240,o,e
5241,o,p
5242,o,e
5243,o,l
5244,t,e
5245,o,l
5246,o,e
5247,o,l
5248,o,l
5249,t,p
5250,o,l
5251,o,p
5252,o,p
5253,t,e
5254,o,l
5255,o,p
5256,t,p
5257,o,p
5258,t,e
5259,o,p
5260,o,e
5261,o,p
5262,o,l
5263,o,e
5264,o,p
5265,t,e
5266,o,e
5267,o,e
5268,o,e
5269,o,p
5270,t,e
5271,o,l
5272,t,e
5273,o,p
5274,o,e
5275,o,e
5276,o,p
5277,o,p
5278,o,e
5279,t,p
5280,o,l
5281,t,e
5282,o,p
5283,o,p
5284,o,f
5285,o,f
5286,t,e
5287,o,p
5288,o,e
5289,o,l
5290,o,p
5291,o,p
5292,t,e
5293,o,e
5294,o,l
5295,o,l
5296,t,e
5297,o,p
5298,o,e
5299,o,p
5300,o,e
5301,o,p
5302,o,l
5303,o,f
5304,o,l
5305,o,e
5306,o,e
5307,t,e
5308,o,p
5309,t,e
5310,t,e
5311,o,e
5312,o,e
5313,o,e
5314,t,e
5315,o,p
5316,o,l
5317,t,e
5318,t,p
5319,o,e
5320,o,l
5321,o,p
5322,o,e
5323,o,p
5324,o,p
5325,o,e
5326,o,f
5327,o,e
5328,o,l
5329,o,e
5330,o,p
5331,o,l
5332,o,p
5333,o,e
5334,o,p
5335,o,p
5336,o,e
5337,o,p
5338,o,e
5339,t,p
5340,o,l
5341,t,e
5342,t,p
5343,o,e
5344,o,l
5345,o,e
5346,o,e
5347,o,e
5348,o,p
5349,o,p
5350,o,p
5351,o,p
5352,o,f
5353,o,l
5354,o,p
5355,o,e
5356,o,l
5357,o,p
5358,o,p
5359,o,l
5360,o,l
5361,o,e
5362,o,e
5363,t,e
5364,o,l
5365,o,p
5366,o,e
5367,o,l
5368,o,l
5369,o,p
5370,t,p
5371,o,l
5372,t,e
5373,o,p
5374,o,p
5375,o,p
5376,o,e
5377,t,p
5378,o,p
5379,t,e
5380,o,e
5381,o,l
5382,o,p
5383,t,e
5384,o,p
5385,o,e
5386,t,e
5387,o,e
5388,t,e
5389,o,p
5390,t,e
5391,t,e
5392,o,p
5393,t,e
5394,o,p
5395,o,e
5396,o,p
5397,o,l
5398,o,l
5399,o,e
5400,o,l
5401,o,l
5402,o,e
5403,o,e
5404,o,p
5405,o,e
5406,t,p
5407,o,l
5408,o,p
5409,o,l
5410,o,p
5411,o,p
5412,o,e
5413,o,l
5414,t,e
5415,o,l
5416,t,e
5417,t,e
5418,t,e
5419,o,p
5420,o,l
5421,t,e
5422,t,e
5423,o,l
5424,t,p
5425,o,p
5426,o,p
5427,o,p
5428,o,l
5429,o,p
5430,o,p
5431,o,f
5432,o,l
5433,o,e
5434,o,p
5435,o,e
5436,o,p
5437,o,f
5438,o,l
5439,o,l
5440,t,p
5441,o,e
5442,o,e
5443,o,l
5444,t,e
5445,o,p
5446,o,p
5447,o,e
5448,o,p
5449,o,e
5450,o,p
5451,o,p
5452,o,p
5453,o,l
5454,o,l
5455,o,l
5456,o,l
5457,o,p
5458,o,p
5459,o,p
5460,o,l
5461,o,p
5462,o,e
5463,o,p
5464,t,e
5465,t,p
5466,o,e
5467,t,e
5468,o,p
5469,o,p
5470,o,e
5471,o,p
5472,o,e
5473,t,p
5474,o,e
5475,o,l
5476,o,l
5477,o,l
5478,t,p
5479,o,p
5480,t,e
5481,o,p
5482,t,e
5483,o,p
5484,o,e
5485,o,l
5486,o,l
5487,o,l
5488,t,e
5489,o,l
5490,o,e
5491,o,p
5492,o,l
5493,t,e
5494,t,p
5495,t,p
5496,o,l
5497,o,l
5498,o,f
5499,o,p
5500,o,p
5501,o,p
5502,o,e
5503,t,e
5504,t,e
5505,t,e
5506,o,p
5507,o,l
5508,o,e
5509,o,p
5510,o,p
5511,o,p
5512,o,e
5513,o,p
5514,o,e
5515,t,e
5516,o,f
5517,o,l
5518,o,e
5519,o,l
5520,o,e
5521,o,p
5522,o,e
5523,o,e
5524,o,p
5525,o,l
5526,t,e
5527,t,p
5528,o,l
5529,o,f
5530,o,e
5531,o,e
5532,o,p
5533,o,l
5534,o,e
5535,t,e
5536,o,e
5537,t,e
5538,t,e
5539,t,e
5540,o,p
5541,t,e
5542,o,l
5543,o,l
5544,o,l
5545,t,e
5546,o,p
5547,o,e
5548,o,e
5549,t,p
5550,o,e
5551,o,p
5552,o,f
5553,o,p
5554,o,f
5555,o,e
5556,o,p
5557,t,e
5558,t,e
5559,o,e
5560,o,e
5561,o,p
5562,o,l
5563,t,e
5564,t,e
5565,o,p
5566,o,l
5567,t,p
5568,o,l
5569,o,p
5570,t,e
5571,t,e
5572,t,p
5573,o,l
5574,o,e
5575,o,p
5576,o,p
5577,o,e
5578,t,p
5579,o,e
5580,o,e
5581,o,p
5582,o,e
5583,o,e
5584,o,e
5585,o,p
5586,o,e
5587,o,f
5588,t,p
5589,t,e
5590,o,e
5591,o,e
5592,o,p
5593,o,l
5594,t,p
5595,o,e
5596,o,e
5597,t,e
5598,o,p
5599,o,e
5600,o,f
5601,o,e
5602,o,e
5603,o,e
5604,o,e
5605,t,e
5606,t,p
5607,o,e
5608,o,l
5609,o,e
5610,o,p
5611,t,p
5612,o,l
5613,t,e
5614,o,l
5615,o,e
5616,o,e
5617,o,l
5618,t,p
5619,o,p
5620,t,e
5621,o,e
5622,o,p
5623,t,e
5624,t,e
5625,t,e
5626,o,l
5627,o,p
5628,o,l
5629,t,e
5630,o,p
5631,o,e
5632,o,l
5633,o,l
5634,t,p
5635,o,e
5636,o,l
5637,o,l
5638,t,p
5639,t,e
5640,o,l
5641,t,e
5642,o,e
5643,o,l
5644,o,l
5645,o,e
5646,t,e
5647,o,p
5648,o,p
5649,o,l
5650,t,e
5651,o,l
5652,o,l
5653,t,e
5654,t,e
5655,o,l
5656,o,p
5657,o,l
5658,o,p
5659,o,p
5660,o,e
5661,o,p
5662,t,e
5663,o,l
5664,o,p
5665,o,e
5666,o,l
5667,o,e
5668,o,l
5669,o,e
5670,t,e
5671,o,p
5672,o,l
5673,o,l
5674,o,e
5675,o,f
5676,o,l
5677,o,p
5678,o,p
5679,o,p
5680,t,e
5681,o,e
5682,o,f
5683,o,e
5684,t,e
5685,o,p
5686,o,l
5687,t,e
5688,o,e
5689,o,p
5690,o,l
5691,o,e
5692,t,e
5693,t,e
5694,o,l
5695,o,e
5696,t,e
5697,o,l
5698,o,e
5699,t,e
5700,o,l
5701,o,l
5702,o,l
5703,o,e
5704,t,p
5705,t,e
5706,o,p
5707,o,p
5708,o,l
5709,o,p
5710,o,e
5711,o,p
5712,t,e
5713,o,p
5714,o,e
5715,o,f
5716,t,e
5717,o,p
5718,o,p
5719,o,p
5720,o,e
5721,t,e
5722,o,e
5723,o,e
5724,o,p
5725,t,e
5726,o,p
5727,t,p
5728,o,e
5729,o,p
5730,o,p
5731,o,l
5732,t,e
5733,t,e
5734,o,f
5735,t,e
5736,o,p
5737,o,e
5738,t,e
5739,t,p
5740,o,p
5741,o,p
5742,t,e
5743,o,p
5744,t,e
5745,t,p
5746,o,e
5747,o,l
5748,o,p
5749,o,e
5750,o,p
5751,o,p
5752,t,p
5753,t,p
5754,o,p
5755,t,e
5756,o,e
5757,o,l
5758,t,e
5759,o,e
5760,o,p
5761,t,p
5762,o,e
5763,o,p
5764,o,p
5765,o,f
5766,o,p
5767,o,p
5768,o,f
5769,o,e
5770,t,e
5771,o,e
5772,o,e
5773,o,p
5774,o,f
5775,t,p
5776,o,p
5777,o,e
5778,o,f
5779,o,p
5780,o,f
5781,o,e
5782,t,e
5783,t,p
5784,o,e
5785,o,l
5786,o,p
5787,o,l
5788,t,e
5789,t,p
5790,t,p
5791,o,e
5792,o,p
5793,o,l
5794,t,p
5795,o,e
5796,o,l
5797,o,l
5798,o,l
5799,o,p
5800,o,e
5801,o,e
5802,o,e
5803,o,p
5804,o,l
5805,o,e
5806,o,p
5807,o,p
5808,t,e
5809,o,p
5810,o,l
5811,o,e
5812,o,p
5813,o,p
5814,o,l
5815,o,e
5816,o,e
5817,t,e
5818,o,e
5819,o,p
5820,o,e
5821,t,e
5822,o,l
5823,o,p
5824,t,e
5825,o,l
5826,o,l
5827,t,e
5828,o,p
5829,t,e
5830,o,l
5831,o,p
5832,o,e
5833,o,l
5834,t,p
5835,o,e
5836,o,f
5837,o,f
5838,o,e
5839,o,p
5840,o,f
5841,t,p
5842,o,l
5843,o,p
5844,o,l
5845,o,l
5846,o,l
5847,o,p
5848,o,f
5849,o,p
5850,t,e
5851,o,e
5852,o,p
5853,o,l
5854,t,p
5855,o,e
5856,t,p
5857,o,l
5858,o,l
5859,t,e
5860,t,e
5861,o,e
5862,t,e
5863,t,p
5864,t,e
5865,o,e
5866,t,e
5867,o,p
5868,t,p
5869,o,e
5870,o,e
5871,o,l
5872,o,e
5873,o,e
5874,o,p
5875,t,e
5876,o,f
5877,o,l
5878,o,p
5879,o,e
5880,o,p
5881,o,p
5882,o,l
5883,t,p
5884,t,e
5885,o,e
5886,o,l
5887,t,e
5888,o,p
5889,o,p
5890,o,p
5891,o,l
5892,o,e
5893,o,p
5894,t,e
5895,t,e
5896,o,f
5897,o,p
5898,o,p
5899,t,e
5900,o,l
5901,o,e
5902,t,p
5903,o,l
5904,o,e
5905,o,l
5906,o,p
5907,t,e
5908,t,e
5909,o,p
5910,o,l
5911,o,p
5912,o,l
5913,o,p
5914,t,e
5915,t,e
5916,o,l
5917,t,e
5918,t,e
5919,o,p
5920,o,p
5921,o,l
5922,o,p
5923,o,p
5924,o,l
5925,o,l
5926,o,l
5927,o,l
5928,t,p
5929,o,e
5930,t,p
5931,t,e
5932,o,e
5933,o,e
5934,o,e
5935,o,p
5936,o,e
5937,o,p
5938,t,e
5939,t,e
5940,t,e
5941,t,p
5942,o,p
5943,o,p
5944,o,l
5945,o,e
5946,t,p
5947,o,p
5948,t,p
5949,o,f
5950,o,e
5951,o,l
5952,o,p
5953,o,l
5954,t,e
5955,o,l
5956,o,e
5957,o,e
5958,o,l
5959,o,l
5960,o,p
5961,o,e
5962,t,e
5963,o,e
5964,t,p
5965,o,e
5966,o,l
5967,o,e
5968,o,l
5969,o,l
5970,o,p
5971,o,f
5972,o,e
5973,t,p
5974,o,e
5975,o,p
5976,o,p
5977,t,e
5978,o,p
5979,o,e
5980,o,l
5981,o,f
5982,o,p
5983,t,p
5984,o,l
5985,o,p
5986,o,e
5987,o,l
5988,o,p
5989,o,p
5990,o,e
5991,o,l
5992,o,e
5993,t,p
5994,o,l
5995,o,e
5996,o,e
5997,t,e
5998,o,f
5999,o,p
6000,o,l
6001,o,e
6002,o,e
6003,o,e
6004,o,e
6005,o,e
6006,o,e
6007,o,e
6008,o,e
6009,o,e
6010,o,e
6011,o,e
6012,o,e
6013,o,e
6014,o,e
6015,o,e
6016,o,e
6017,o,e
6018,o,e
6019,o,e
6020,o,e
6021,o,e
6022,o,e
6023,o,e
6024,o,e
6025,o,e
6026,o,e
6027,o,e
6028,o,e
6029,o,e
6030,o,e
6031,o,e
6032,o,e
6033,o,e
6034,o,e
6035,o,e
6036,o,e
6037,o,e
6038,o,e
6039,o,p
6040,o,e
6041,o,p
6042,o,e
6043,o,e
6044,o,e
6045,o,e
6046,o,e
6047,o,e
6048,o,e
6049,o,e
6050,o,e
6051,o,e
6052,o,e
6053,o,e
6054,o,e
6055,o,e
6056,o,e
6057,o,e
6058,o,e
6059,o,e
6060,o,e
6061,o,e
6062,o,e
6063,o,e
6064,o,e
6065,o,e
6066,o,e
6067,o,e
6068,o,e
6069,t,p
6070,o,e
6071,o,e
6072,o,e
6073,o,e
6074,o,e
6075,o,e
6076,o,e
6077,o,e
6078,o,e
6079,o,e
6080,o,e
6081,o,e
6082,o,e
6083,o,e
6084,o,e
6085,o,e
6086,o,e
6087,o,e
6088,o,e
6089,o,e
6090,o,e
6091,o,e
6092,o,e
6093,o,e
6094,o,e
6095,o,e
6096,o,e
6097,o,e
6098,o,e
6099,o,e
6100,o,e
6101,o,e
6102,o,e
6103,o,e
6104,o,e
6105,o,e
6106,o,e
6107,o,e
6108,o,e
6109,o,e
6110,o,e
6111,o,e
6112,o,e
6113,o,e
6114,o,e
6115,o,e
6116,o,e
6117,o,e
6118,o,e
6119,o,e
6120,o,e
6121,t,p
6122,o,e
6123,o,e
6124,o,e
6125,o,e
6126,o,e
6127,o,e
6128,o,e
6129,o,e
6130,o,e
6131,o,e
6132,o,e
6133,o,e
6134,o,e
6135,o,e
6136,o,e
6137,o,e
6138,o,e
6139,o,e
6140,o,e
6141,o,e
6142,o,e
6143,t,p
6144,o,e
6145,o,e
6146,o,e
6147,o,e
6148,t,p
6149,o,e
6150,o,e
6151,o,e
6152,o,e
6153,o,e
6154,o,e
6155,o,e
6156,o,e
6157,o,e
6158,o,e
6159,o,e
6160,o,e
6161,o,e
6162,o,e
6163,o,e
6164,o,e
6165,o,e
6166,o,e
6167,o,e
6168,o,e
6169,o,e
6170,o,e
6171,o,e
6172,o,e
6173,o,e
6174,o,e
6175,o,e
6176,o,e
6177,o,e
6178,o,e
6179,o,e
6180,o,e
6181,o,e
6182,o,e
6183,o,e
6184,o,e
6185,o,e
6186,o,e
6187,o,e
6188,o,e
6189,o,e
6190,o,e
6191,o,e
6192,o,e
6193,o,e
6194,o,e
6195,t,p
6196,o,e
6197,o,e
6198,o,e
6199,o,e
6200,o,e
6201,o,e
6202,o,e
6203,o,e
6204,t,p
6205,o,e
6206,o,e
6207,o,e
6208,o,e
6209,o,e
6210,o,e
6211,o,e
6212,o,e
6213,o,e
6214,o,e
6215,t,p
6216,o,e
6217,o,e
6218,o,e
6219,o,e
6220,t,p
6221,o,e
6222,o,e
6223,o,e
6224,o,e
6225,o,e
6226,o,e
6227,o,e
6228,o,e
6229,o,e
6230,o,e
6231,o,e
6232,o,e
6233,o,e
6234,o,e
6235,o,e
6236,o,e
6237,o,e
6238,o,e
6239,o,e
6240,o,e
6241,o,e
6242,o,e
6243,o,e
6244,o,e
6245,o,e
6246,o,e
6247,o,e
6248,o,e
6249,o,e
6250,o,e
6251,o,e
6252,o,e
6253,o,e
6254,o,e
6255,o,e
6256,o,e
6257,o,e
6258,o,e
6259,o,e
6260,o,e
6261,o,e
6262,t,p
6263,o,e
6264,o,e
6265,o,e
6266,o,e
6267,o,e
6268,o,e
6269,o,e
6270,o,e
6271,o,e
6272,o,e
6273,o,e
6274,o,e
6275,o,e
6276,o,e
6277,o,e
6278,o,e
6279,o,e
6280,t,p
6281,o,e
6282,o,e
6283,o,e
6284,o,e
6285,o,e
6286,o,e
6287,o,e
6288,o,e
6289,o,e
6290,o,e
6291,o,e
6292,o,e
6293,o,e
6294,o,e
6295,o,e
6296,o,e
6297,o,e
6298,o,e
6299,o,e
6300,o,e
6301,o,e
6302,o,e
6303,o,e
6304,o,e
6305,o,e
6306,o,e
6307,o,e
6308,o,e
6309,o,e
6310,o,e
6311,o,e
6312,o,e
6313,o,e
6314,o,e
6315,o,e
6316,o,e
6317,o,e
6318,o,e
6319,o,e
6320,o,e
6321,o,e
6322,o,e
6323,o,e
6324,o,e
6325,o,e
6326,o,e
6327,o,e
6328,o,e
6329,o,e
6330,o,e
6331,o,e
6332,t,p
6333,o,e
6334,o,e
6335,o,e
6336,o,e
6337,o,e
6338,o,e
6339,o,e
6340,o,e
6341,o,e
6342,o,e
6343,o,e
6344,o,e
6345,o,e
6346,o,e
6347,o,e
6348,o,e
6349,o,e
6350,o,e
6351,o,e
6352,o,e
6353,o,e
6354,o,e
6355,o,e
6356,o,e
6357,o,e
6358,o,e
6359,o,e
6360,o,e
6361,o,e
6362,o,e
6363,o,e
6364,o,e
6365,o,e
6366,o,e
6367,t,p
6368,o,e
6369,o,e
6370,o,e
6371,o,e
6372,o,e
6373,o,e
6374,o,e
6375,o,e
6376,o,p
6377,o,e
6378,o,e
6379,o,e
6380,o,e
6381,o,e
6382,o,e
6383,o,e
6384,o,e
6385,o,e
6386,o,e
6387,o,e
6388,o,e
6389,o,e
6390,o,e
6391,o,e
6392,o,e
6393,o,e
6394,o,e
6395,o,e
6396,o,e
6397,t,p
6398,o,e
6399,o,e
6400,o,e
6401,o,e
6402,o,e
6403,o,e
6404,t,p
6405,o,e
6406,o,e
6407,t,p
6408,o,e
6409,o,e
6410,o,e
6411,o,e
6412,o,e
6413,o,e
6414,o,e
6415,o,e
6416,n,n
6417,o,e
6418,o,e
6419,o,e
6420,o,e
6421,o,e
6422,o,e
6423,o,e
6424,o,e
6425,o,p
6426,o,e
6427,o,e
6428,o,e
6429,o,e
6430,o,e
6431,o,e
6432,o,e
6433,o,e
6434,o,e
6435,o,p
6436,o,e
6437,o,e
6438,o,e
6439,o,e
6440,o,e
6441,o,e
6442,o,e
6443,o,e
6444,o,e
6445,o,e
6446,o,e
6447,o,e
6448,o,e
6449,o,e
6450,t,p
6451,o,e
6452,o,e
6453,o,e
6454,o,e
6455,o,e
6456,o,e
6457,o,e
6458,o,e
6459,o,e
6460,o,e
6461,o,e
6462,o,e
6463,o,e
6464,o,e
6465,o,e
6466,o,e
6467,o,e
6468,o,e
6469,o,e
6470,o,e
6471,o,e
6472,o,e
6473,o,e
6474,o,e
6475,o,e
6476,o,e
6477,o,e
6478,o,e
6479,o,e
6480,o,e
6481,o,e
6482,o,e
6483,o,e
6484,o,e
6485,o,e
6486,o,e
6487,o,e
6488,o,e
6489,o,e
6490,o,e
6491,o,e
6492,o,e
6493,o,e
6494,o,e
6495,o,e
6496,o,e
6497,o,e
6498,o,e
6499,o,e
6500,o,e
6501,o,e
6502,o,e
6503,o,e
6504,o,e
6505,o,e
6506,o,e
6507,o,e
6508,o,e
6509,o,e
6510,t,p
6511,o,e
6512,o,e
6513,o,e
6514,o,e
6515,o,e
6516,o,e
6517,o,e
6518,t,p
6519,o,e
6520,o,e
6521,o,e
6522,o,e
6523,o,e
6524,o,e
6525,o,e
6526,o,e
6527,o,e
6528,o,e
6529,o,e
6530,o,e
6531,t,p
6532,o,e
6533,o,e
6534,o,e
6535,o,e
6536,o,e
6537,o,e
6538,o,e
6539,o,e
6540,o,e
6541,o,e
6542,o,e
6543,o,e
6544,o,e
6545,o,e
6546,o,e
6547,o,e
6548,o,e
6549,o,e
6550,o,e
6551,o,e
6552,o,e
6553,o,e
6554,o,e
6555,o,e
6556,o,e
6557,o,e
6558,o,e
6559,o,p
6560,o,e
6561,o,e
6562,o,e
6563,o,e
6564,o,e
6565,o,e
6566,o,e
6567,o,e
6568,o,e
6569,o,e
6570,o,e
6571,o,e
6572,o,e
6573,o,e
6574,o,e
6575,o,e
6576,o,e
6577,o,e
6578,o,e
6579,o,e
6580,o,e
6581,o,e
6582,o,e
6583,o,e
6584,o,e
6585,o,e
6586,o,e
6587,o,e
6588,o,e
6589,o,e
6590,o,e
6591,o,e
6592,o,e
6593,o,e
6594,o,e
6595,o,e
6596,o,e
6597,o,e
6598,o,e
6599,o,e
6600,t,p
6601,o,e
6602,o,e
6603,o,e
6604,o,e
6605,o,e
6606,o,e
6607,o,e
6608,o,e
6609,o,e
6610,o,e
6611,o,e
6612,o,e
6613,o,e
6614,o,e
6615,o,e
6616,o,e
6617,o,e
6618,o,e
6619,o,e
6620,o,e
6621,o,e
6622,o,e
6623,o,e
6624,o,e
6625,o,e
6626,o,e
6627,o,e
6628,o,e
6629,o,e
6630,o,e
6631,o,e
6632,o,e
6633,o,e
6634,o,e
6635,o,e
6636,o,e
6637,o,e
6638,o,e
6639,o,e
6640,o,e
6641,o,e
6642,o,e
6643,o,e
6644,o,e
6645,o,e
6646,o,e
6647,o,e
6648,o,e
6649,o,e
6650,o,e
6651,o,e
6652,o,e
6653,o,e
6654,o,e
6655,o,e
6656,o,e
6657,o,e
6658,o,e
6659,o,e
6660,o,e
6661,t,p
6662,o,e
6663,o,e
6664,o,p
6665,o,e
6666,o,e
6667,o,e
6668,o,e
6669,n,n
6670,o,e
6671,o,e
6672,o,e
6673,o,e
6674,o,e
6675,o,e
6676,o,e
6677,o,e
6678,o,e
6679,o,e
6680,o,e
6681,o,e
6682,o,e
6683,o,e
6684,o,e
6685,o,e
6686,o,e
6687,o,e
6688,o,e
6689,o,e
6690,o,e
6691,o,e
6692,o,e
6693,o,e
6694,o,e
6695,o,e
6696,o,e
6697,o,e
6698,o,e
6699,o,e
6700,o,e
6701,o,e
6702,o,e
6703,o,e
6704,o,e
6705,o,e
6706,o,e
6707,o,e
6708,o,e
6709,o,e
6710,o,e
6711,o,e
6712,o,e
6713,o,e
6714,o,e
6715,o,e
6716,o,e
6717,o,e
6718,o,e
6719,o,e
6720,o,e
6721,o,e
6722,o,e
6723,o,e
6724,o,e
6725,o,e
6726,o,e
6727,o,e
6728,o,e
6729,o,e
6730,o,e
6731,o,e
6732,o,e
6733,o,e
6734,o,e
6735,o,e
6736,o,e
6737,o,e
6738,o,e
6739,o,e
6740,o,e
6741,o,e
6742,o,e
6743,o,e
6744,o,e
6745,t,p
6746,o,e
6747,o,e
6748,o,e
6749,o,e
6750,o,e
6751,o,e
6752,o,e
6753,t,p
6754,o,e
6755,o,e
6756,o,e
6757,o,e
6758,o,e
6759,o,e
6760,o,e
6761,o,e
6762,o,e
6763,t,p
6764,o,p
6765,o,e
6766,o,e
6767,o,e
6768,o,e
6769,o,e
6770,o,e
6771,o,e
6772,o,e
6773,o,e
6774,o,e
6775,t,p
6776,o,e
6777,o,e
6778,o,e
6779,o,e
6780,o,e
6781,o,e
6782,o,e
6783,o,e
6784,o,e
6785,o,e
6786,o,e
6787,o,e
6788,o,e
6789,o,e
6790,o,e
6791,o,e
6792,o,e
6793,o,e
6794,o,e
6795,o,e
6796,o,e
6797,o,e
6798,o,e
6799,o,e
6800,o,e
6801,o,e
6802,o,e
6803,o,e
6804,o,e
6805,o,e
6806,o,e
6807,o,e
6808,o,e
6809,o,e
6810,o,e
6811,o,e
6812,o,e
6813,o,e
6814,o,e
6815,o,e
6816,o,e
6817,o,e
6818,o,e
6819,o,e
6820,o,e
6821,o,e
6822,o,e
6823,o,e
6824,o,e
6825,o,e
6826,o,e
6827,o,e
6828,t,p
6829,o,e
6830,o,e
6831,o,e
6832,o,e
6833,o,e
6834,o,e
6835,o,e
6836,o,e
6837,o,e
6838,o,e
6839,o,e
6840,o,e
6841,o,e
6842,o,e
6843,o,e
6844,o,e
6845,o,e
6846,o,e
6847,o,e
6848,o,e
6849,o,e
6850,o,p
6851,o,e
6852,o,e
6853,o,e
6854,o,e
6855,o,e
6856,n,n
6857,o,e
6858,o,e
6859,o,e
6860,o,e
6861,t,p
6862,o,e
6863,o,e
6864,o,e
6865,o,e
6866,o,e
6867,o,e
6868,o,e
6869,o,e
6870,o,e
6871,o,e
6872,o,e
6873,o,e
6874,o,e
6875,o,e
6876,o,e
6877,o,e
6878,o,e
6879,o,e
6880,o,e
6881,o,e
6882,o,e
6883,o,e
6884,o,e
6885,t,p
6886,o,e
6887,o,e
6888,o,e
6889,o,e
6890,o,e
6891,o,e
6892,o,e
6893,o,e
6894,o,e
6895,o,e
6896,o,e
6897,o,e
6898,o,e
6899,o,e
6900,o,e
6901,o,p
6902,o,e
6903,o,e
6904,o,e
6905,t,p
6906,o,p
6907,t,p
6908,t,p
6909,o,e
6910,o,e
6911,o,p
6912,o,e
6913,o,e
6914,o,e
6915,t,p
6916,o,e
6917,o,e
6918,o,e
6919,o,e
6920,o,e
6921,t,p
6922,o,e
6923,o,e
6924,o,e
6925,t,p
6926,o,e
6927,o,e
6928,o,p
6929,t,p
6930,o,e
6931,o,e
6932,o,e
6933,t,p
6934,o,e
6935,o,e
6936,o,e
6937,o,e
6938,t,p
6939,t,p
6940,o,e
6941,o,e
6942,t,p
6943,o,e
6944,o,e
6945,o,e
6946,n,n
6947,o,e
6948,o,e
6949,o,e
6950,o,e
6951,o,e
6952,o,e
6953,t,p
6954,o,e
6955,o,e
6956,o,e
6957,o,e
6958,o,e
6959,t,p
6960,o,e
6961,o,e
6962,o,e
6963,o,e
6964,o,e
6965,o,e
6966,o,e
6967,o,e
6968,t,p
6969,o,e
6970,o,e
6971,t,p
6972,o,e
6973,o,e
6974,o,e
6975,o,e
6976,t,p
6977,o,e
6978,o,e
6979,o,e
6980,o,e
6981,o,e
6982,o,e
6983,o,e
6984,o,e
6985,t,p
6986,o,e
6987,o,e
6988,o,e
6989,o,e
6990,o,p
6991,t,p
6992,n,n
6993,o,e
6994,o,e
6995,o,p
6996,o,e
6997,o,e
6998,t,p
6999,t,p
7000,o,p
7001,o,e
7002,o,e
7003,o,e
7004,t,p
7005,t,p
7006,t,p
7007,o,e
7008,o,e
7009,t,p
7010,t,p
7011,o,e
7012,t,p
7013,o,e
7014,o,e
7015,o,e
7016,t,p
7017,t,p
7018,o,e
7019,o,e
7020,t,p
7021,t,p
7022,o,e
7023,t,p
7024,o,e
7025,o,e
7026,o,p
7027,o,p
7028,o,e
7029,o,e
7030,o,e
7031,o,e
7032,o,e
7033,t,p
7034,o,p
7035,n,n
7036,t,p
7037,o,p
7038,o,p
7039,o,e
7040,t,p
7041,t,p
7042,o,p
7043,o,e
7044,o,e
7045,o,e
7046,o,e
7047,t,p
7048,o,e
7049,o,e
7050,o,e
7051,t,p
7052,o,p
7053,o,e
7054,o,e
7055,o,p
7056,o,e
7057,o,e
7058,o,e
7059,o,e
7060,o,e
7061,o,e
7062,o,e
7063,o,e
7064,t,p
7065,o,e
7066,n,n
7067,o,e
7068,t,p
7069,o,e
7070,o,e
7071,o,e
7072,o,e
7073,o,e
7074,t,p
7075,o,e
7076,o,e
7077,o,e
7078,o,e
7079,o,e
7080,o,p
7081,o,e
7082,o,e
7083,o,e
7084,o,e
7085,o,e
7086,o,e
7087,t,p
7088,o,e
7089,o,e
7090,t,p
7091,o,p
7092,n,n
7093,o,e
7094,o,e
7095,o,e
7096,o,e
7097,o,e
7098,o,e
7099,t,p
7100,o,e
7101,n,n
7102,o,e
7103,o,e
7104,t,p
7105,o,e
7106,o,e
7107,o,e
7108,o,e
7109,o,e
7110,o,e
7111,t,p
7112,n,n
7113,o,e
7114,o,e
7115,o,e
7116,o,e
7117,t,p
7118,o,e
7119,o,e
7120,t,p
7121,o,e
7122,o,e
7123,o,e
7124,t,p
7125,o,e
7126,o,e
7127,o,e
7128,o,e
7129,o,p
7130,o,e
7131,o,e
7132,o,e
7133,o,e
7134,o,p
7135,t,p
7136,o,p
7137,t,p
7138,o,e
7139,o,e
7140,o,e
7141,o,e
7142,t,p
7143,o,e
7144,t,p
7145,o,e
7146,o,e
7147,n,n
7148,o,e
7149,o,e
7150,o,e
7151,o,e
7152,o,e
7153,o,e
7154,t,p
7155,o,e
7156,o,e
7157,o,e
7158,o,e
7159,t,p
7160,o,e
7161,o,e
7162,o,e
7163,t,p
7164,o,e
7165,o,e
7166,o,e
7167,n,n
7168,t,p
7169,o,e
7170,o,e
7171,t,p
7172,o,e
7173,o,e
7174,o,p
7175,o,e
7176,o,e
7177,o,p
7178,o,e
7179,o,e
7180,o,e
7181,o,e
7182,t,p
7183,o,p
7184,t,p
7185,o,e
7186,t,p
7187,o,e
7188,o,e
7189,o,p
7190,o,e
7191,o,e
7192,o,e
7193,o,e
7194,o,e
7195,o,e
7196,t,p
7197,o,e
7198,o,e
7199,o,e
7200,o,e
7201,t,p
7202,o,e
7203,t,p
7204,o,e
7205,t,p
7206,o,p
7207,o,e
7208,o,e
7209,t,p
7210,o,e
7211,o,e
7212,t,p
7213,o,e
7214,o,e
7215,o,e
7216,o,e
7217,o,e
7218,t,p
7219,o,e
7220,o,e
7221,t,p
7222,o,p
7223,t,p
7224,o,e
7225,o,e
7226,o,e
7227,t,p
7228,o,e
7229,o,p
7230,t,p
7231,n,n
7232,t,p
7233,o,e
7234,o,p
7235,t,p
7236,o,p
7237,t,p
7238,o,e
7239,o,e
7240,o,p
7241,o,e
7242,o,e
7243,o,e
7244,o,e
7245,o,p
7246,t,p
7247,o,p
7248,o,e
7249,o,e
7250,o,e
7251,o,e
7252,o,p
7253,o,e
7254,o,p
7255,o,e
7256,t,p
7257,o,e
7258,o,e
7259,t,p
7260,o,e
7261,t,p
7262,o,e
7263,o,e
7264,t,p
7265,o,e
7266,n,n
7267,t,p
7268,o,e
7269,o,e
7270,o,e
7271,t,p
7272,t,p
7273,o,e
7274,t,p
7275,o,e
7276,o,e
7277,t,p
7278,o,e
7279,t,p
7280,o,e
7281,t,p
7282,o,p
7283,o,e
7284,o,e
7285,t,p
7286,n,n
7287,o,e
7288,o,e
7289,o,e
7290,o,e
7291,o,p
7292,o,e
7293,t,p
7294,t,p
7295,o,e
7296,o,e
7297,o,e
7298,o,e
7299,o,e
7300,o,p
7301,t,p
7302,t,p
7303,o,e
7304,o,e
7305,o,e
7306,t,p
7307,o,p
7308,o,e
7309,o,e
7310,t,p
7311,o,e
7312,t,p
7313,o,e
7314,o,e
7315,t,p
7316,t,p
7317,o,e
7318,o,e
7319,o,e
7320,t,p
7321,o,e
7322,o,e
7323,o,e
7324,n,n
7325,o,e
7326,o,p
7327,o,e
7328,o,p
7329,t,p
7330,t,p
7331,o,e
7332,o,e
7333,o,e
7334,o,e
7335,t,p
7336,t,p
7337,n,n
7338,o,e
7339,o,e
7340,o,e
7341,o,e
7342,o,e
7343,n,n
7344,o,e
7345,t,p
7346,o,e
7347,t,p
7348,o,e
7349,o,e
7350,t,p
7351,t,p
7352,o,e
7353,o,p
7354,t,p
7355,t,p
7356,o,e
7357,o,e
7358,o,e
7359,t,p
7360,t,p
7361,t,p
7362,t,p
7363,o,e
7364,o,e
7365,o,e
7366,o,e
7367,o,p
7368,o,e
7369,n,n
7370,o,e
7371,t,p
7372,o,e
7373,t,p
7374,t,p
7375,o,e
7376,o,p
7377,o,p
7378,t,p
7379,t,p
7380,o,e
7381,o,e
7382,o,e
7383,o,e
7384,o,e
7385,o,e
7386,t,p
7387,n,n
7388,o,e
7389,o,p
7390,o,e
7391,t,p
7392,t,p
7393,o,e
7394,o,e
7395,o,e
7396,o,e
7397,o,e
7398,o,e
7399,t,p
7400,o,e
7401,t,p
7402,o,e
7403,o,e
7404,o,e
7405,t,p
7406,o,p
7407,o,e
7408,o,p
7409,o,e
7410,o,e
7411,o,e
7412,t,p
7413,o,p
7414,o,p
7415,o,e
7416,t,p
7417,t,p
7418,o,e
7419,t,p
7420,o,e
7421,o,e
7422,o,e
7423,t,p
7424,o,e
7425,o,e
7426,o,p
7427,o,e
7428,o,e
7429,o,e
7430,o,e
7431,o,e
7432,o,e
7433,o,p
7434,o,e
7435,t,p
7436,o,e
7437,o,e
7438,o,p
7439,o,e
7440,t,p
7441,o,p
7442,o,e
7443,o,e
7444,t,p
7445,t,p
7446,t,p
7447,o,p
7448,o,e
7449,o,e
7450,t,p
7451,t,p
7452,o,e
7453,o,e
7454,o,e
7455,o,e
7456,o,p
7457,o,e
7458,o,e
7459,o,e
7460,o,p
7461,t,p
7462,o,e
7463,o,e
7464,t,p
7465,o,e
7466,o,e
7467,o,e
7468,o,p
7469,t,p
7470,n,n
7471,o,e
7472,o,e
7473,o,e
7474,o,e
7475,o,e
7476,o,e
7477,o,e
7478,o,e
7479,o,e
7480,t,p
7481,n,n
7482,t,p
7483,o,e
7484,o,e
7485,o,e
7486,n,n
7487,t,p
7488,o,e
7489,o,e
7490,o,e
7491,o,p
7492,o,e
7493,o,e
7494,o,e
7495,o,e
7496,o,e
7497,o,e
7498,o,e
7499,t,p
7500,t,p
7501,t,p
7502,o,e
7503,o,e
7504,o,e
7505,o,e
7506,o,e
7507,o,e
7508,o,e
7509,o,e
7510,o,e
7511,o,p
7512,o,e
7513,o,e
7514,t,p
7515,t,p
7516,o,e
7517,o,p
7518,o,e
7519,o,e
7520,o,e
7521,o,e
7522,o,e
7523,o,p
7524,o,p
7525,t,p
7526,o,e
7527,o,p
7528,o,e
7529,t,p
7530,t,p
7531,o,e
7532,o,p
7533,t,p
7534,t,p
7535,t,p
7536,t,p
7537,n,n
7538,o,p
7539,o,e
7540,o,e
7541,t,p
7542,t,p
7543,t,p
7544,o,p
7545,o,e
7546,o,e
7547,o,e
7548,o,p
7549,t,p
7550,o,e
7551,t,p
7552,o,e
7553,t,p
7554,o,e
7555,o,e
7556,o,p
7557,o,e
7558,o,e
7559,o,p
7560,t,p
7561,t,p
7562,o,p
7563,o,e
7564,o,e
7565,t,p
7566,o,e
7567,t,p
7568,o,e
7569,o,e
7570,o,e
7571,t,p
7572,o,e
7573,o,e
7574,t,p
7575,o,e
7576,o,e
7577,t,p
7578,o,e
7579,o,e
7580,o,e
7581,o,e
7582,t,p
7583,o,e
7584,o,e
7585,t,p
7586,t,p
7587,t,p
7588,o,e
7589,o,e
7590,o,e
7591,t,p
7592,o,e
7593,o,e
7594,t,p
7595,o,e
7596,o,e
7597,o,e
7598,t,p
7599,o,e
7600,o,e
7601,o,e
7602,o,e
7603,t,p
7604,o,e
7605,t,p
7606,o,e
7607,o,e
7608,o,e
7609,o,e
7610,t,p
7611,t,p
7612,o,e
7613,o,p
7614,o,e
7615,o,e
7616,t,p
7617,o,e
7618,o,p
7619,o,e
7620,o,e
7621,o,e
7622,o,e
7623,t,p
7624,t,p
7625,o,e
7626,o,e
7627,t,p
7628,o,p
7629,o,e
7630,o,e
7631,o,p
7632,t,p
7633,t,p
7634,o,e
7635,o,e
7636,n,n
7637,o,p
7638,o,e
7639,o,e
7640,o,e
7641,t,p
7642,t,p
7643,t,p
7644,t,p
7645,t,p
7646,o,e
7647,o,e
7648,o,e
7649,o,e
7650,t,p
7651,t,p
7652,t,p
7653,o,p
7654,o,e
7655,o,e
7656,o,e
7657,o,e
7658,o,e
7659,o,p
7660,t,p
7661,o,e
7662,o,e
7663,t,p
7664,o,e
7665,o,p
7666,o,p
7667,o,e
7668,o,e
7669,o,e
7670,o,e
7671,o,e
7672,t,p
7673,o,e
7674,t,p
7675,o,p
7676,o,e
7677,o,e
7678,o,e
7679,t,p
7680,o,e
7681,t,p
7682,o,e
7683,t,p
7684,o,e
7685,o,e
7686,t,p
7687,o,e
7688,o,e
7689,o,p
7690,o,p
7691,o,e
7692,o,e
7693,o,p
7694,o,e
7695,o,e
7696,o,e
7697,o,e
7698,o,e
7699,t,p
7700,o,p
7701,o,e
7702,o,p
7703,t,p
7704,o,e
7705,t,p
7706,t,p
7707,o,e
7708,o,e
7709,o,e
7710,n,n
7711,o,p
7712,o,e
7713,t,p
7714,o,e
7715,n,n
7716,o,e
7717,o,p
7718,t,p
7719,o,e
7720,o,e
7721,t,p
7722,t,p
7723,o,e
7724,o,p
7725,t,p
7726,t,p
7727,o,e
7728,n,n
7729,o,e
7730,o,p
7731,o,e
7732,o,e
7733,o,e
7734,o,e
7735,o,e
7736,o,e
7737,t,p
7738,o,p
7739,o,e
7740,o,e
7741,t,p
7742,o,p
7743,o,e
7744,t,p
7745,t,p
7746,o,p
7747,t,p
7748,t,p
7749,t,p
7750,t,p
7751,o,e
7752,o,e
7753,t,p
7754,t,p
7755,o,e
7756,o,e
7757,o,e
7758,o,e
7759,o,e
7760,o,p
7761,o,e
7762,t,p
7763,o,p
7764,t,p
7765,o,e
7766,o,p
7767,o,e
7768,o,e
7769,o,e
7770,t,p
7771,o,e
7772,o,e
7773,t,p
7774,o,e
7775,o,e
7776,o,e
7777,t,p
7778,t,p
7779,o,e
7780,t,p
7781,o,e
7782,o,e
7783,o,p
7784,t,p
7785,o,e
7786,o,e
7787,o,e
7788,o,e
7789,o,p
7790,o,e
7791,t,p
7792,o,p
7793,o,e
7794,o,e
7795,o,e
7796,t,p
7797,o,e
7798,t,p
7799,o,e
7800,o,e
7801,o,e
7802,n,n
7803,o,e
7804,t,p
7805,o,e
7806,n,n
7807,o,e
7808,o,p
7809,o,e
7810,t,p
7811,t,p
7812,o,p
7813,o,e
7814,o,p
7815,t,p
7816,o,e
7817,o,e
7818,t,p
7819,t,p
7820,o,e
7821,n,n
7822,o,e
7823,o,e
7824,t,p
7825,o,e
7826,o,p
7827,o,e
7828,o,e
7829,o,p
7830,o,p
7831,t,p
7832,o,p
7833,o,e
7834,o,p
7835,o,p
7836,o,e
7837,o,p
7838,o,e
7839,t,p
7840,o,e
7841,o,p
7842,o,e
7843,t,p
7844,t,p
7845,o,p
7846,o,p
7847,o,e
7848,t,p
7849,o,e
7850,o,e
7851,o,e
7852,o,e
7853,o,e
7854,o,e
7855,t,p
7856,o,e
7857,o,e
7858,o,e
7859,t,p
7860,o,p
7861,t,p
7862,o,e
7863,o,e
7864,o,e
7865,o,e
7866,o,e
7867,o,p
7868,t,p
7869,o,e
7870,o,e
7871,t,p
7872,o,p
7873,t,p
7874,o,e
7875,o,e
7876,o,e
7877,o,e
7878,o,e
7879,o,p
7880,o,e
7881,o,e
7882,o,e
7883,t,p
7884,o,e
7885,o,e
7886,o,e
7887,o,p
7888,t,p
7889,o,e
7890,o,e
7891,t,p
7892,o,e
7893,o,e
7894,o,p
7895,t,p
7896,t,p
7897,o,e
7898,o,e
7899,t,p
7900,o,e
7901,t,p
7902,o,e
7903,o,e
7904,o,e
7905,t,p
7906,o,p
7907,o,e
7908,t,p
7909,o,e
7910,t,p
7911,n,n
7912,o,p
7913,t,p
7914,o,p
7915,o,e
7916,o,p
7917,t,p
7918,o,e
7919,t,p
7920,t,p
7921,o,e
7922,t,p
7923,o,p
7924,o,e
7925,o,e
7926,o,e
7927,o,e
7928,o,p
7929,o,e
7930,t,p
7931,o,e
7932,t,p
7933,o,e
7934,t,p
7935,o,e
7936,o,e
7937,o,e
7938,o,p
7939,t,p
7940,o,p
7941,t,p
7942,n,n
7943,o,e
7944,o,e
7945,o,p
7946,o,p
7947,t,p
7948,o,e
7949,o,e
7950,o,e
7951,o,e
7952,o,e
7953,t,p
7954,o,p
7955,t,p
7956,t,p
7957,o,p
7958,o,p
7959,t,p
7960,o,e
7961,t,p
7962,o,e
7963,o,e
7964,o,e
7965,o,p
7966,t,p
7967,t,p
7968,o,e
7969,o,e
7970,o,e
7971,o,p
7972,o,p
7973,t,p
7974,o,e
7975,t,p
7976,t,p
7977,t,p
7978,o,p
7979,o,e
7980,o,p
7981,o,e
7982,n,n
7983,o,e
7984,t,p
7985,t,p
7986,o,p
7987,t,p
7988,o,e
7989,o,p
7990,o,e
7991,o,e
7992,t,p
7993,o,e
7994,t,p
7995,o,p
7996,o,e
7997,o,p
7998,o,e
7999,o,e
8000,o,p
8001,o,p
8002,t,p
8003,t,p
8004,o,p
8005,o,e
8006,o,e
8007,o,e
8008,o,e
8009,o,e
8010,o,p
8011,o,p
8012,o,p
8013,o,e
8014,o,p
8015,t,p
8016,t,p
8017,o,e
8018,t,p
8019,t,p
8020,t,p
8021,o,e
8022,o,e
8023,o,e
8024,o,e
8025,o,e
8026,o,p
8027,o,p
8028,o,e
8029,o,e
8030,t,p
8031,t,p
8032,o,e
8033,o,e
8034,o,e
8035,o,p
8036,t,p
8037,o,p
8038,o,e
8039,t,p
8040,o,e
8041,o,p
8042,o,e
8043,o,p
8044,o,p
8045,o,p
8046,o,e
8047,t,p
8048,o,e
8049,o,e
8050,o,e
8051,o,e
8052,t,p
8053,o,p
8054,o,e
8055,o,p
8056,t,p
8057,o,p
8058,o,p
8059,o,e
8060,o,e
8061,o,e
8062,o,e
8063,o,e
8064,t,p
8065,o,e
8066,o,p
8067,o,e
8068,o,p
8069,o,p
8070,o,p
8071,o,e
8072,o,p
8073,o,e
8074,o,p
8075,t,p
8076,o,p
8077,o,p
8078,o,p
8079,t,p
8080,o,e
8081,o,e
8082,o,e
8083,o,e
8084,o,e
8085,t,p
8086,t,p
8087,o,p
8088,o,e
8089,o,p
8090,o,e
8091,o,e
8092,o,e
8093,o,e
8094,o,e
8095,t,p
8096,n,n
8097,t,p
8098,o,e
8099,o,e
8100,t,p
8101,o,p
8102,o,e
8103,o,p
8104,o,p
8105,o,p
8106,o,p
8107,o,p
8108,o,p
8109,o,e
8110,t,p
8111,o,p
8112,t,p
8113,o,p
8114,o,e
8115,n,n
8116,o,p
8117,o,e
8118,o,e
8119,o,e
8120,o,p
8121,o,p
8122,o,p
8123,o,e
8124,o,p
