ID, veil type, veil color
1,p,w
2,p,w
3,p,w
4,p,w
5,p,w
6,p,w
7,p,w
8,p,w
9,p,w
10,p,w
11,p,w
12,p,w
13,p,w
14,p,w
15,p,w
16,p,w
17,p,w
18,p,w
19,p,w
20,p,w
21,p,w
22,p,w
23,p,w
24,p,w
25,p,w
26,p,w
27,p,w
28,p,w
29,p,w
30,p,w
31,p,w
32,p,w
33,p,w
34,p,w
35,p,w
36,p,w
37,p,w
38,p,w
39,p,w
40,p,w
41,p,w
42,p,w
43,p,w
44,p,w
45,p,w
46,p,w
47,p,w
48,p,w
49,p,w
50,p,w
51,p,w
52,p,w
53,p,w
54,p,w
55,p,w
56,p,w
57,p,w
58,p,w
59,p,w
60,p,w
61,p,w
62,p,w
63,p,w
64,p,w
65,p,w
66,p,w
67,p,w
68,p,w
69,p,w
70,p,w
71,p,w
72,p,w
73,p,w
74,p,w
75,p,w
76,p,w
77,p,w
78,p,w
79,p,w
80,p,w
81,p,w
82,p,w
83,p,w
84,p,w
85,p,w
86,p,w
87,p,w
88,p,w
89,p,w
90,p,w
91,p,w
92,p,w
93,p,w
94,p,w
95,p,w
96,p,w
97,p,w
98,p,w
99,p,w
100,p,w
101,p,w
102,p,w
103,p,w
104,p,w
105,p,w
106,p,w
107,p,w
108,p,w
109,p,w
110,p,w
111,p,w
112,p,w
113,p,w
114,p,w
115,p,w
116,p,w
117,p,w
118,p,w
119,p,w
120,p,w
121,p,w
122,p,w
123,p,w
124,p,w
125,p,w
126,p,w
127,p,w
128,p,w
129,p,w
130,p,w
131,p,w
132,p,w
133,p,w
134,p,w
135,p,w
136,p,w
137,p,w
138,p,w
139,p,w
140,p,w
141,p,w
142,p,w
143,p,w
144,p,w
145,p,w
146,p,w
147,p,w
148,p,w
149,p,w
150,p,w
151,p,w
152,p,w
153,p,w
154,p,w
155,p,w
156,p,w
157,p,w
158,p,w
159,p,w
160,p,w
161,p,w
162,p,w
163,p,w
164,p,w
165,p,w
166,p,w
167,p,w
168,p,w
169,p,w
170,p,w
171,p,w
172,p,w
173,p,w
174,p,w
175,p,w
176,p,w
177,p,w
178,p,w
179,p,w
180,p,w
181,p,w
182,p,w
183,p,w
184,p,w
185,p,w
186,p,w
187,p,w
188,p,w
189,p,w
190,p,w
191,p,w
192,p,w
193,p,w
194,p,w
195,p,w
196,p,w
197,p,w
198,p,w
199,p,w
200,p,w
201,p,w
202,p,w
203,p,w
204,p,w
205,p,w
206,p,w
207,p,w
208,p,w
209,p,w
210,p,w
211,p,w
212,p,w
213,p,w
214,p,w
215,p,w
216,p,w
217,p,w
218,p,w
219,p,w
220,p,w
221,p,w
222,p,w
223,p,w
224,p,w
225,p,w
226,p,w
227,p,w
228,p,w
229,p,w
230,p,w
231,p,w
232,p,w
233,p,w
234,p,w
235,p,w
236,p,w
237,p,w
238,p,w
239,p,w
240,p,w
241,p,w
242,p,w
243,p,w
244,p,w
245,p,w
246,p,w
247,p,w
248,p,w
249,p,w
250,p,w
251,p,w
252,p,w
253,p,w
254,p,w
255,p,w
256,p,w
257,p,w
258,p,w
259,p,w
260,p,w
261,p,w
262,p,w
263,p,w
264,p,w
265,p,w
266,p,w
267,p,w
268,p,w
269,p,w
270,p,w
271,p,w
272,p,w
273,p,w
274,p,w
275,p,w
276,p,w
277,p,w
278,p,w
279,p,w
280,p,w
281,p,w
282,p,w
283,p,w
284,p,w
285,p,w
286,p,w
287,p,w
288,p,w
289,p,w
290,p,w
291,p,w
292,p,w
293,p,w
294,p,w
295,p,w
296,p,w
297,p,w
298,p,w
299,p,w
300,p,w
301,p,w
302,p,w
303,p,w
304,p,w
305,p,w
306,p,w
307,p,w
308,p,w
309,p,w
310,p,w
311,p,w
312,p,w
313,p,w
314,p,w
315,p,w
316,p,w
317,p,w
318,p,w
319,p,w
320,p,w
321,p,w
322,p,w
323,p,w
324,p,w
325,p,w
326,p,w
327,p,w
328,p,w
329,p,w
330,p,w
331,p,w
332,p,w
333,p,w
334,p,w
335,p,w
336,p,w
337,p,w
338,p,w
339,p,w
340,p,w
341,p,w
342,p,w
343,p,w
344,p,w
345,p,w
346,p,w
347,p,w
348,p,w
349,p,w
350,p,w
351,p,w
352,p,w
353,p,w
354,p,w
355,p,w
356,p,w
357,p,w
358,p,w
359,p,w
360,p,w
361,p,w
362,p,w
363,p,w
364,p,w
365,p,w
366,p,w
367,p,w
368,p,w
369,p,w
370,p,w
371,p,w
372,p,w
373,p,w
374,p,w
375,p,w
376,p,w
377,p,w
378,p,w
379,p,w
380,p,w
381,p,w
382,p,w
383,p,w
384,p,w
385,p,w
386,p,w
387,p,w
388,p,w
389,p,w
390,p,w
391,p,w
392,p,w
393,p,w
394,p,w
395,p,w
396,p,w
397,p,w
398,p,w
399,p,w
400,p,w
401,p,w
402,p,w
403,p,w
404,p,w
405,p,w
406,p,w
407,p,w
408,p,w
409,p,w
410,p,w
411,p,w
412,p,w
413,p,w
414,p,w
415,p,w
416,p,w
417,p,w
418,p,w
419,p,w
420,p,w
421,p,w
422,p,w
423,p,w
424,p,w
425,p,w
426,p,w
427,p,w
428,p,w
429,p,w
430,p,w
431,p,w
432,p,w
433,p,w
434,p,w
435,p,w
436,p,w
437,p,w
438,p,w
439,p,w
440,p,w
441,p,w
442,p,w
443,p,w
444,p,w
445,p,w
446,p,w
447,p,w
448,p,w
449,p,w
450,p,w
451,p,w
452,p,w
453,p,w
454,p,w
455,p,w
456,p,w
457,p,w
458,p,w
459,p,w
460,p,w
461,p,w
462,p,w
463,p,w
464,p,w
465,p,w
466,p,w
467,p,w
468,p,w
469,p,w
470,p,w
471,p,w
472,p,w
473,p,w
474,p,w
475,p,w
476,p,w
477,p,w
478,p,w
479,p,w
480,p,w
481,p,w
482,p,w
483,p,w
484,p,w
485,p,w
486,p,w
487,p,w
488,p,w
489,p,w
490,p,w
491,p,w
492,p,w
493,p,w
494,p,w
495,p,w
496,p,w
497,p,w
498,p,w
499,p,w
500,p,w
501,p,w
502,p,w
503,p,w
504,p,w
505,p,w
506,p,w
507,p,w
508,p,w
509,p,w
510,p,w
511,p,w
512,p,w
513,p,w
514,p,w
515,p,w
516,p,w
517,p,w
518,p,w
519,p,w
520,p,w
521,p,w
522,p,w
523,p,w
524,p,w
525,p,w
526,p,w
527,p,w
528,p,w
529,p,w
530,p,w
531,p,w
532,p,w
533,p,w
534,p,w
535,p,w
536,p,w
537,p,w
538,p,w
539,p,w
540,p,w
541,p,w
542,p,w
543,p,w
544,p,w
545,p,w
546,p,w
547,p,w
548,p,w
549,p,w
550,p,w
551,p,w
552,p,w
553,p,w
554,p,w
555,p,w
556,p,w
557,p,w
558,p,w
559,p,w
560,p,w
561,p,w
562,p,w
563,p,w
564,p,w
565,p,w
566,p,w
567,p,w
568,p,w
569,p,w
570,p,w
571,p,w
572,p,w
573,p,w
574,p,w
575,p,w
576,p,w
577,p,w
578,p,w
579,p,w
580,p,w
581,p,w
582,p,w
583,p,w
584,p,w
585,p,w
586,p,w
587,p,w
588,p,w
589,p,w
590,p,w
591,p,w
592,p,w
593,p,w
594,p,w
595,p,w
596,p,w
597,p,w
598,p,w
599,p,w
600,p,w
601,p,w
602,p,w
603,p,w
604,p,w
605,p,w
606,p,w
607,p,w
608,p,w
609,p,w
610,p,w
611,p,w
612,p,w
613,p,w
614,p,w
615,p,w
616,p,w
617,p,w
618,p,w
619,p,w
620,p,w
621,p,w
622,p,w
623,p,w
624,p,w
625,p,w
626,p,w
627,p,w
628,p,w
629,p,w
630,p,w
631,p,w
632,p,w
633,p,w
634,p,w
635,p,w
636,p,w
637,p,w
638,p,w
639,p,w
640,p,w
641,p,w
642,p,w
643,p,w
644,p,w
645,p,w
646,p,w
647,p,w
648,p,w
649,p,w
650,p,w
651,p,w
652,p,w
653,p,w
654,p,w
655,p,w
656,p,w
657,p,w
658,p,w
659,p,w
660,p,w
661,p,w
662,p,w
663,p,w
664,p,w
665,p,w
666,p,w
667,p,w
668,p,w
669,p,w
670,p,w
671,p,w
672,p,w
673,p,w
674,p,w
675,p,w
676,p,w
677,p,w
678,p,w
679,p,w
680,p,w
681,p,w
682,p,w
683,p,w
684,p,w
685,p,w
686,p,w
687,p,w
688,p,w
689,p,w
690,p,w
691,p,w
692,p,w
693,p,w
694,p,w
695,p,w
696,p,w
697,p,w
698,p,w
699,p,w
700,p,w
701,p,w
702,p,w
703,p,w
704,p,w
705,p,w
706,p,w
707,p,w
708,p,w
709,p,w
710,p,w
711,p,w
712,p,w
713,p,w
714,p,w
715,p,w
716,p,w
717,p,w
718,p,w
719,p,w
720,p,w
721,p,w
722,p,w
723,p,w
724,p,w
725,p,w
726,p,w
727,p,w
728,p,w
729,p,w
730,p,w
731,p,w
732,p,w
733,p,w
734,p,w
735,p,w
736,p,w
737,p,w
738,p,w
739,p,w
740,p,w
741,p,w
742,p,w
743,p,w
744,p,w
745,p,w
746,p,w
747,p,w
748,p,w
749,p,w
750,p,w
751,p,w
752,p,w
753,p,w
754,p,w
755,p,w
756,p,w
757,p,w
758,p,w
759,p,w
760,p,w
761,p,w
762,p,w
763,p,w
764,p,w
765,p,w
766,p,w
767,p,w
768,p,w
769,p,w
770,p,w
771,p,w
772,p,w
773,p,w
774,p,w
775,p,w
776,p,w
777,p,w
778,p,w
779,p,w
780,p,w
781,p,w
782,p,w
783,p,w
784,p,w
785,p,w
786,p,w
787,p,w
788,p,w
789,p,w
790,p,w
791,p,w
792,p,w
793,p,w
794,p,w
795,p,w
796,p,w
797,p,w
798,p,w
799,p,w
800,p,w
801,p,w
802,p,w
803,p,w
804,p,w
805,p,w
806,p,w
807,p,w
808,p,w
809,p,w
810,p,w
811,p,w
812,p,w
813,p,w
814,p,w
815,p,w
816,p,w
817,p,w
818,p,w
819,p,w
820,p,w
821,p,w
822,p,w
823,p,w
824,p,w
825,p,w
826,p,w
827,p,w
828,p,w
829,p,w
830,p,w
831,p,w
832,p,w
833,p,w
834,p,w
835,p,w
836,p,w
837,p,w
838,p,w
839,p,w
840,p,w
841,p,w
842,p,w
843,p,w
844,p,w
845,p,w
846,p,w
847,p,w
848,p,w
849,p,w
850,p,w
851,p,w
852,p,w
853,p,w
854,p,w
855,p,w
856,p,w
857,p,w
858,p,w
859,p,w
860,p,w
861,p,w
862,p,w
863,p,w
864,p,w
865,p,w
866,p,w
867,p,w
868,p,w
869,p,w
870,p,w
871,p,w
872,p,w
873,p,w
874,p,w
875,p,w
876,p,w
877,p,w
878,p,w
879,p,w
880,p,w
881,p,w
882,p,w
883,p,w
884,p,w
885,p,w
886,p,w
887,p,w
888,p,w
889,p,w
890,p,w
891,p,w
892,p,w
893,p,w
894,p,w
895,p,w
896,p,w
897,p,w
898,p,w
899,p,w
900,p,w
901,p,w
902,p,w
903,p,w
904,p,w
905,p,w
906,p,w
907,p,w
908,p,w
909,p,w
910,p,w
911,p,w
912,p,w
913,p,w
914,p,w
915,p,w
916,p,w
917,p,w
918,p,w
919,p,w
920,p,w
921,p,w
922,p,w
923,p,w
924,p,w
925,p,w
926,p,w
927,p,w
928,p,w
929,p,w
930,p,w
931,p,w
932,p,w
933,p,w
934,p,w
935,p,w
936,p,w
937,p,w
938,p,w
939,p,w
940,p,w
941,p,w
942,p,w
943,p,w
944,p,w
945,p,w
946,p,w
947,p,w
948,p,w
949,p,w
950,p,w
951,p,w
952,p,w
953,p,w
954,p,w
955,p,w
956,p,w
957,p,w
958,p,w
959,p,w
960,p,w
961,p,w
962,p,w
963,p,w
964,p,w
965,p,w
966,p,w
967,p,w
968,p,w
969,p,w
970,p,w
971,p,w
972,p,w
973,p,w
974,p,w
975,p,w
976,p,w
977,p,w
978,p,w
979,p,w
980,p,w
981,p,w
982,p,w
983,p,w
984,p,w
985,p,w
986,p,w
987,p,w
988,p,w
989,p,w
990,p,w
991,p,w
992,p,w
993,p,w
994,p,w
995,p,w
996,p,w
997,p,w
998,p,w
999,p,w
1000,p,w
1001,p,w
1002,p,w
1003,p,w
1004,p,w
1005,p,w
1006,p,w
1007,p,w
1008,p,w
1009,p,w
1010,p,w
1011,p,w
1012,p,w
1013,p,w
1014,p,w
1015,p,w
1016,p,w
1017,p,w
1018,p,w
1019,p,w
1020,p,w
1021,p,w
1022,p,w
1023,p,w
1024,p,w
1025,p,w
1026,p,w
1027,p,w
1028,p,w
1029,p,w
1030,p,w
1031,p,w
1032,p,w
1033,p,w
1034,p,w
1035,p,w
1036,p,w
1037,p,w
1038,p,w
1039,p,w
1040,p,w
1041,p,w
1042,p,w
1043,p,w
1044,p,w
1045,p,w
1046,p,w
1047,p,w
1048,p,w
1049,p,w
1050,p,w
1051,p,w
1052,p,w
1053,p,w
1054,p,w
1055,p,w
1056,p,w
1057,p,w
1058,p,w
1059,p,w
1060,p,w
1061,p,w
1062,p,w
1063,p,w
1064,p,w
1065,p,w
1066,p,w
1067,p,w
1068,p,w
1069,p,w
1070,p,w
1071,p,w
1072,p,w
1073,p,w
1074,p,w
1075,p,w
1076,p,w
1077,p,w
1078,p,w
1079,p,w
1080,p,w
1081,p,w
1082,p,w
1083,p,w
1084,p,w
1085,p,w
1086,p,w
1087,p,w
1088,p,w
1089,p,w
1090,p,w
1091,p,w
1092,p,w
1093,p,w
1094,p,w
1095,p,w
1096,p,w
1097,p,w
1098,p,w
1099,p,w
1100,p,w
1101,p,w
1102,p,w
1103,p,w
1104,p,w
1105,p,w
1106,p,w
1107,p,w
1108,p,w
1109,p,w
1110,p,w
1111,p,w
1112,p,w
1113,p,w
1114,p,w
1115,p,w
1116,p,w
1117,p,w
1118,p,w
1119,p,w
1120,p,w
1121,p,w
1122,p,w
1123,p,w
1124,p,w
1125,p,w
1126,p,w
1127,p,w
1128,p,w
1129,p,w
1130,p,w
1131,p,w
1132,p,w
1133,p,w
1134,p,w
1135,p,w
1136,p,w
1137,p,w
1138,p,w
1139,p,w
1140,p,w
1141,p,w
1142,p,w
1143,p,w
1144,p,w
1145,p,w
1146,p,w
1147,p,w
1148,p,w
1149,p,w
1150,p,w
1151,p,w
1152,p,w
1153,p,w
1154,p,w
1155,p,w
1156,p,w
1157,p,w
1158,p,w
1159,p,w
1160,p,w
1161,p,w
1162,p,w
1163,p,w
1164,p,w
1165,p,w
1166,p,w
1167,p,w
1168,p,w
1169,p,w
1170,p,w
1171,p,w
1172,p,w
1173,p,w
1174,p,w
1175,p,w
1176,p,w
1177,p,w
1178,p,w
1179,p,w
1180,p,w
1181,p,w
1182,p,w
1183,p,w
1184,p,w
1185,p,w
1186,p,w
1187,p,w
1188,p,w
1189,p,w
1190,p,w
1191,p,w
1192,p,w
1193,p,w
1194,p,w
1195,p,w
1196,p,w
1197,p,w
1198,p,w
1199,p,w
1200,p,w
1201,p,w
1202,p,w
1203,p,w
1204,p,w
1205,p,w
1206,p,w
1207,p,w
1208,p,w
1209,p,w
1210,p,w
1211,p,w
1212,p,w
1213,p,w
1214,p,w
1215,p,w
1216,p,w
1217,p,w
1218,p,w
1219,p,w
1220,p,w
1221,p,w
1222,p,w
1223,p,w
1224,p,w
1225,p,w
1226,p,w
1227,p,w
1228,p,w
1229,p,w
1230,p,w
1231,p,w
1232,p,w
1233,p,w
1234,p,w
1235,p,w
1236,p,w
1237,p,w
1238,p,w
1239,p,w
1240,p,w
1241,p,w
1242,p,w
1243,p,w
1244,p,w
1245,p,w
1246,p,w
1247,p,w
1248,p,w
1249,p,w
1250,p,w
1251,p,w
1252,p,w
1253,p,w
1254,p,w
1255,p,w
1256,p,w
1257,p,w
1258,p,w
1259,p,w
1260,p,w
1261,p,w
1262,p,w
1263,p,w
1264,p,w
1265,p,w
1266,p,w
1267,p,w
1268,p,w
1269,p,w
1270,p,w
1271,p,w
1272,p,w
1273,p,w
1274,p,w
1275,p,w
1276,p,w
1277,p,w
1278,p,w
1279,p,w
1280,p,w
1281,p,w
1282,p,w
1283,p,w
1284,p,w
1285,p,w
1286,p,w
1287,p,w
1288,p,w
1289,p,w
1290,p,w
1291,p,w
1292,p,w
1293,p,w
1294,p,w
1295,p,w
1296,p,w
1297,p,w
1298,p,w
1299,p,w
1300,p,w
1301,p,w
1302,p,w
1303,p,w
1304,p,w
1305,p,w
1306,p,w
1307,p,w
1308,p,w
1309,p,w
1310,p,w
1311,p,w
1312,p,w
1313,p,w
1314,p,w
1315,p,w
1316,p,w
1317,p,w
1318,p,w
1319,p,w
1320,p,w
1321,p,w
1322,p,w
1323,p,w
1324,p,w
1325,p,w
1326,p,w
1327,p,w
1328,p,w
1329,p,w
1330,p,w
1331,p,w
1332,p,w
1333,p,w
1334,p,w
1335,p,w
1336,p,w
1337,p,w
1338,p,w
1339,p,w
1340,p,w
1341,p,w
1342,p,w
1343,p,w
1344,p,w
1345,p,w
1346,p,w
1347,p,w
1348,p,w
1349,p,w
1350,p,w
1351,p,w
1352,p,w
1353,p,w
1354,p,w
1355,p,w
1356,p,w
1357,p,w
1358,p,w
1359,p,w
1360,p,w
1361,p,w
1362,p,w
1363,p,w
1364,p,w
1365,p,w
1366,p,w
1367,p,w
1368,p,w
1369,p,w
1370,p,w
1371,p,w
1372,p,w
1373,p,w
1374,p,w
1375,p,w
1376,p,w
1377,p,w
1378,p,w
1379,p,w
1380,p,w
1381,p,w
1382,p,w
1383,p,w
1384,p,w
1385,p,w
1386,p,w
1387,p,w
1388,p,w
1389,p,w
1390,p,w
1391,p,w
1392,p,w
1393,p,w
1394,p,w
1395,p,w
1396,p,w
1397,p,w
1398,p,w
1399,p,w
1400,p,w
1401,p,w
1402,p,w
1403,p,w
1404,p,w
1405,p,w
1406,p,w
1407,p,w
1408,p,w
1409,p,w
1410,p,w
1411,p,w
1412,p,w
1413,p,w
1414,p,w
1415,p,w
1416,p,w
1417,p,w
1418,p,w
1419,p,w
1420,p,w
1421,p,w
1422,p,w
1423,p,w
1424,p,w
1425,p,w
1426,p,w
1427,p,w
1428,p,w
1429,p,w
1430,p,w
1431,p,w
1432,p,w
1433,p,w
1434,p,w
1435,p,w
1436,p,w
1437,p,w
1438,p,w
1439,p,w
1440,p,w
1441,p,w
1442,p,w
1443,p,w
1444,p,w
1445,p,w
1446,p,w
1447,p,w
1448,p,w
1449,p,w
1450,p,w
1451,p,w
1452,p,w
1453,p,w
1454,p,w
1455,p,w
1456,p,w
1457,p,w
1458,p,w
1459,p,w
1460,p,w
1461,p,w
1462,p,w
1463,p,w
1464,p,w
1465,p,w
1466,p,w
1467,p,w
1468,p,w
1469,p,w
1470,p,w
1471,p,w
1472,p,w
1473,p,w
1474,p,w
1475,p,w
1476,p,w
1477,p,w
1478,p,w
1479,p,w
1480,p,w
1481,p,w
1482,p,w
1483,p,w
1484,p,w
1485,p,w
1486,p,w
1487,p,w
1488,p,w
1489,p,w
1490,p,w
1491,p,w
1492,p,w
1493,p,w
1494,p,w
1495,p,w
1496,p,w
1497,p,w
1498,p,w
1499,p,w
1500,p,w
1501,p,w
1502,p,w
1503,p,w
1504,p,w
1505,p,w
1506,p,w
1507,p,w
1508,p,w
1509,p,w
1510,p,w
1511,p,w
1512,p,w
1513,p,w
1514,p,w
1515,p,w
1516,p,w
1517,p,w
1518,p,w
1519,p,w
1520,p,w
1521,p,w
1522,p,w
1523,p,w
1524,p,w
1525,p,w
1526,p,w
1527,p,w
1528,p,w
1529,p,w
1530,p,w
1531,p,w
1532,p,w
1533,p,w
1534,p,w
1535,p,w
1536,p,w
1537,p,w
1538,p,w
1539,p,w
1540,p,w
1541,p,w
1542,p,w
1543,p,w
1544,p,w
1545,p,w
1546,p,w
1547,p,w
1548,p,w
1549,p,w
1550,p,w
1551,p,w
1552,p,w
1553,p,w
1554,p,w
1555,p,w
1556,p,w
1557,p,w
1558,p,w
1559,p,w
1560,p,w
1561,p,w
1562,p,w
1563,p,w
1564,p,w
1565,p,w
1566,p,w
1567,p,w
1568,p,w
1569,p,w
1570,p,w
1571,p,w
1572,p,w
1573,p,w
1574,p,w
1575,p,w
1576,p,w
1577,p,w
1578,p,w
1579,p,w
1580,p,w
1581,p,w
1582,p,w
1583,p,w
1584,p,w
1585,p,w
1586,p,w
1587,p,w
1588,p,w
1589,p,w
1590,p,w
1591,p,w
1592,p,w
1593,p,w
1594,p,w
1595,p,w
1596,p,w
1597,p,w
1598,p,w
1599,p,w
1600,p,w
1601,p,w
1602,p,w
1603,p,w
1604,p,w
1605,p,w
1606,p,w
1607,p,w
1608,p,w
1609,p,w
1610,p,w
1611,p,w
1612,p,w
1613,p,w
1614,p,w
1615,p,w
1616,p,w
1617,p,w
1618,p,w
1619,p,w
1620,p,w
1621,p,w
1622,p,w
1623,p,w
1624,p,w
1625,p,w
1626,p,w
1627,p,w
1628,p,w
1629,p,w
1630,p,w
1631,p,w
1632,p,w
1633,p,w
1634,p,w
1635,p,w
1636,p,w
1637,p,w
1638,p,w
1639,p,w
1640,p,w
1641,p,w
1642,p,w
1643,p,w
1644,p,w
1645,p,w
1646,p,w
1647,p,w
1648,p,w
1649,p,w
1650,p,w
1651,p,w
1652,p,w
1653,p,w
1654,p,w
1655,p,w
1656,p,w
1657,p,w
1658,p,w
1659,p,w
1660,p,w
1661,p,w
1662,p,w
1663,p,w
1664,p,w
1665,p,w
1666,p,w
1667,p,w
1668,p,w
1669,p,w
1670,p,w
1671,p,w
1672,p,w
1673,p,w
1674,p,w
1675,p,w
1676,p,w
1677,p,w
1678,p,w
1679,p,w
1680,p,w
1681,p,w
1682,p,w
1683,p,w
1684,p,w
1685,p,w
1686,p,w
1687,p,w
1688,p,w
1689,p,w
1690,p,w
1691,p,w
1692,p,w
1693,p,w
1694,p,w
1695,p,w
1696,p,w
1697,p,w
1698,p,w
1699,p,w
1700,p,w
1701,p,w
1702,p,w
1703,p,w
1704,p,w
1705,p,w
1706,p,w
1707,p,w
1708,p,w
1709,p,w
1710,p,w
1711,p,w
1712,p,w
1713,p,w
1714,p,w
1715,p,w
1716,p,w
1717,p,w
1718,p,w
1719,p,w
1720,p,w
1721,p,w
1722,p,w
1723,p,w
1724,p,w
1725,p,w
1726,p,w
1727,p,w
1728,p,w
1729,p,w
1730,p,w
1731,p,w
1732,p,w
1733,p,w
1734,p,w
1735,p,w
1736,p,w
1737,p,w
1738,p,w
1739,p,w
1740,p,w
1741,p,w
1742,p,w
1743,p,w
1744,p,w
1745,p,w
1746,p,w
1747,p,w
1748,p,w
1749,p,w
1750,p,w
1751,p,w
1752,p,w
1753,p,w
1754,p,w
1755,p,w
1756,p,w
1757,p,w
1758,p,w
1759,p,w
1760,p,w
1761,p,w
1762,p,w
1763,p,w
1764,p,w
1765,p,w
1766,p,w
1767,p,w
1768,p,w
1769,p,w
1770,p,w
1771,p,w
1772,p,w
1773,p,w
1774,p,w
1775,p,w
1776,p,w
1777,p,w
1778,p,w
1779,p,w
1780,p,w
1781,p,w
1782,p,w
1783,p,w
1784,p,w
1785,p,w
1786,p,w
1787,p,w
1788,p,w
1789,p,w
1790,p,w
1791,p,w
1792,p,w
1793,p,w
1794,p,w
1795,p,w
1796,p,w
1797,p,w
1798,p,w
1799,p,w
1800,p,w
1801,p,w
1802,p,w
1803,p,w
1804,p,w
1805,p,w
1806,p,w
1807,p,w
1808,p,w
1809,p,w
1810,p,w
1811,p,w
1812,p,w
1813,p,w
1814,p,w
1815,p,w
1816,p,w
1817,p,w
1818,p,w
1819,p,w
1820,p,w
1821,p,w
1822,p,w
1823,p,w
1824,p,w
1825,p,w
1826,p,w
1827,p,w
1828,p,w
1829,p,w
1830,p,w
1831,p,w
1832,p,w
1833,p,w
1834,p,w
1835,p,w
1836,p,w
1837,p,w
1838,p,w
1839,p,w
1840,p,w
1841,p,w
1842,p,w
1843,p,w
1844,p,w
1845,p,w
1846,p,w
1847,p,w
1848,p,w
1849,p,w
1850,p,w
1851,p,w
1852,p,w
1853,p,w
1854,p,w
1855,p,w
1856,p,w
1857,p,w
1858,p,w
1859,p,w
1860,p,w
1861,p,w
1862,p,w
1863,p,w
1864,p,w
1865,p,w
1866,p,w
1867,p,w
1868,p,w
1869,p,w
1870,p,w
1871,p,w
1872,p,w
1873,p,w
1874,p,w
1875,p,w
1876,p,w
1877,p,w
1878,p,w
1879,p,w
1880,p,w
1881,p,w
1882,p,w
1883,p,w
1884,p,w
1885,p,w
1886,p,w
1887,p,w
1888,p,w
1889,p,w
1890,p,w
1891,p,w
1892,p,w
1893,p,w
1894,p,w
1895,p,w
1896,p,w
1897,p,w
1898,p,w
1899,p,w
1900,p,w
1901,p,w
1902,p,w
1903,p,w
1904,p,w
1905,p,w
1906,p,w
1907,p,w
1908,p,w
1909,p,w
1910,p,w
1911,p,w
1912,p,w
1913,p,w
1914,p,w
1915,p,w
1916,p,w
1917,p,w
1918,p,w
1919,p,w
1920,p,w
1921,p,w
1922,p,w
1923,p,w
1924,p,w
1925,p,w
1926,p,w
1927,p,w
1928,p,w
1929,p,w
1930,p,w
1931,p,w
1932,p,w
1933,p,w
1934,p,w
1935,p,w
1936,p,w
1937,p,w
1938,p,w
1939,p,w
1940,p,w
1941,p,w
1942,p,w
1943,p,w
1944,p,w
1945,p,w
1946,p,w
1947,p,w
1948,p,w
1949,p,w
1950,p,w
1951,p,w
1952,p,w
1953,p,w
1954,p,w
1955,p,w
1956,p,w
1957,p,w
1958,p,w
1959,p,w
1960,p,w
1961,p,w
1962,p,w
1963,p,w
1964,p,w
1965,p,w
1966,p,w
1967,p,w
1968,p,w
1969,p,w
1970,p,w
1971,p,w
1972,p,w
1973,p,w
1974,p,w
1975,p,w
1976,p,w
1977,p,w
1978,p,w
1979,p,w
1980,p,w
1981,p,w
1982,p,w
1983,p,w
1984,p,w
1985,p,w
1986,p,w
1987,p,w
1988,p,w
1989,p,w
1990,p,w
1991,p,w
1992,p,w
1993,p,w
1994,p,w
1995,p,w
1996,p,w
1997,p,w
1998,p,w
1999,p,w
2000,p,w
2001,p,w
2002,p,w
2003,p,w
2004,p,w
2005,p,w
2006,p,w
2007,p,w
2008,p,w
2009,p,w
2010,p,w
2011,p,w
2012,p,w
2013,p,w
2014,p,w
2015,p,w
2016,p,w
2017,p,w
2018,p,w
2019,p,w
2020,p,w
2021,p,w
2022,p,w
2023,p,w
2024,p,w
2025,p,w
2026,p,w
2027,p,w
2028,p,w
2029,p,w
2030,p,w
2031,p,w
2032,p,w
2033,p,w
2034,p,w
2035,p,w
2036,p,w
2037,p,w
2038,p,w
2039,p,w
2040,p,w
2041,p,w
2042,p,w
2043,p,w
2044,p,w
2045,p,w
2046,p,w
2047,p,w
2048,p,w
2049,p,w
2050,p,w
2051,p,w
2052,p,w
2053,p,w
2054,p,w
2055,p,w
2056,p,w
2057,p,w
2058,p,w
2059,p,w
2060,p,w
2061,p,w
2062,p,w
2063,p,w
2064,p,w
2065,p,w
2066,p,w
2067,p,w
2068,p,w
2069,p,w
2070,p,w
2071,p,w
2072,p,w
2073,p,w
2074,p,w
2075,p,w
2076,p,w
2077,p,w
2078,p,w
2079,p,w
2080,p,w
2081,p,w
2082,p,w
2083,p,w
2084,p,w
2085,p,w
2086,p,w
2087,p,w
2088,p,w
2089,p,w
2090,p,w
2091,p,w
2092,p,w
2093,p,w
2094,p,w
2095,p,w
2096,p,w
2097,p,w
2098,p,w
2099,p,w
2100,p,w
2101,p,w
2102,p,w
2103,p,w
2104,p,w
2105,p,w
2106,p,w
2107,p,w
2108,p,w
2109,p,w
2110,p,w
2111,p,w
2112,p,w
2113,p,w
2114,p,w
2115,p,w
2116,p,w
2117,p,w
2118,p,w
2119,p,w
2120,p,w
2121,p,w
2122,p,w
2123,p,w
2124,p,w
2125,p,w
2126,p,w
2127,p,w
2128,p,w
2129,p,w
2130,p,w
2131,p,w
2132,p,w
2133,p,w
2134,p,w
2135,p,w
2136,p,w
2137,p,w
2138,p,w
2139,p,w
2140,p,w
2141,p,w
2142,p,w
2143,p,w
2144,p,w
2145,p,w
2146,p,w
2147,p,w
2148,p,w
2149,p,w
2150,p,w
2151,p,w
2152,p,w
2153,p,w
2154,p,w
2155,p,w
2156,p,w
2157,p,w
2158,p,w
2159,p,w
2160,p,w
2161,p,w
2162,p,w
2163,p,w
2164,p,w
2165,p,w
2166,p,w
2167,p,w
2168,p,w
2169,p,w
2170,p,w
2171,p,w
2172,p,w
2173,p,w
2174,p,w
2175,p,w
2176,p,w
2177,p,w
2178,p,w
2179,p,w
2180,p,w
2181,p,w
2182,p,w
2183,p,w
2184,p,w
2185,p,w
2186,p,w
2187,p,w
2188,p,w
2189,p,w
2190,p,w
2191,p,w
2192,p,w
2193,p,w
2194,p,w
2195,p,w
2196,p,w
2197,p,w
2198,p,w
2199,p,w
2200,p,w
2201,p,w
2202,p,w
2203,p,w
2204,p,w
2205,p,w
2206,p,w
2207,p,w
2208,p,w
2209,p,w
2210,p,w
2211,p,w
2212,p,w
2213,p,w
2214,p,w
2215,p,w
2216,p,w
2217,p,w
2218,p,w
2219,p,w
2220,p,w
2221,p,w
2222,p,w
2223,p,w
2224,p,w
2225,p,w
2226,p,w
2227,p,w
2228,p,w
2229,p,w
2230,p,w
2231,p,w
2232,p,w
2233,p,w
2234,p,w
2235,p,w
2236,p,w
2237,p,w
2238,p,w
2239,p,w
2240,p,w
2241,p,w
2242,p,w
2243,p,w
2244,p,w
2245,p,w
2246,p,w
2247,p,w
2248,p,w
2249,p,w
2250,p,w
2251,p,w
2252,p,w
2253,p,w
2254,p,w
2255,p,w
2256,p,w
2257,p,w
2258,p,w
2259,p,w
2260,p,w
2261,p,w
2262,p,w
2263,p,w
2264,p,w
2265,p,w
2266,p,w
2267,p,w
2268,p,w
2269,p,w
2270,p,w
2271,p,w
2272,p,w
2273,p,w
2274,p,w
2275,p,w
2276,p,w
2277,p,w
2278,p,w
2279,p,w
2280,p,w
2281,p,w
2282,p,w
2283,p,w
2284,p,w
2285,p,w
2286,p,w
2287,p,w
2288,p,w
2289,p,w
2290,p,w
2291,p,w
2292,p,w
2293,p,w
2294,p,w
2295,p,w
2296,p,w
2297,p,w
2298,p,w
2299,p,w
2300,p,w
2301,p,w
2302,p,w
2303,p,w
2304,p,w
2305,p,w
2306,p,w
2307,p,w
2308,p,w
2309,p,w
2310,p,w
2311,p,w
2312,p,w
2313,p,w
2314,p,w
2315,p,w
2316,p,w
2317,p,w
2318,p,w
2319,p,w
2320,p,w
2321,p,w
2322,p,w
2323,p,w
2324,p,w
2325,p,w
2326,p,w
2327,p,w
2328,p,w
2329,p,w
2330,p,w
2331,p,w
2332,p,w
2333,p,w
2334,p,w
2335,p,w
2336,p,w
2337,p,w
2338,p,w
2339,p,w
2340,p,w
2341,p,w
2342,p,w
2343,p,w
2344,p,w
2345,p,w
2346,p,w
2347,p,w
2348,p,w
2349,p,w
2350,p,w
2351,p,w
2352,p,w
2353,p,w
2354,p,w
2355,p,w
2356,p,w
2357,p,w
2358,p,w
2359,p,w
2360,p,w
2361,p,w
2362,p,w
2363,p,w
2364,p,w
2365,p,w
2366,p,w
2367,p,w
2368,p,w
2369,p,w
2370,p,w
2371,p,w
2372,p,w
2373,p,w
2374,p,w
2375,p,w
2376,p,w
2377,p,w
2378,p,w
2379,p,w
2380,p,w
2381,p,w
2382,p,w
2383,p,w
2384,p,w
2385,p,w
2386,p,w
2387,p,w
2388,p,w
2389,p,w
2390,p,w
2391,p,w
2392,p,w
2393,p,w
2394,p,w
2395,p,w
2396,p,w
2397,p,w
2398,p,w
2399,p,w
2400,p,w
2401,p,w
2402,p,w
2403,p,w
2404,p,w
2405,p,w
2406,p,w
2407,p,w
2408,p,w
2409,p,w
2410,p,w
2411,p,w
2412,p,w
2413,p,w
2414,p,w
2415,p,w
2416,p,w
2417,p,w
2418,p,w
2419,p,w
2420,p,w
2421,p,w
2422,p,w
2423,p,w
2424,p,w
2425,p,w
2426,p,w
2427,p,w
2428,p,w
2429,p,w
2430,p,w
2431,p,w
2432,p,w
2433,p,w
2434,p,w
2435,p,w
2436,p,w
2437,p,w
2438,p,w
2439,p,w
2440,p,w
2441,p,w
2442,p,w
2443,p,w
2444,p,w
2445,p,w
2446,p,w
2447,p,w
2448,p,w
2449,p,w
2450,p,w
2451,p,w
2452,p,w
2453,p,w
2454,p,w
2455,p,w
2456,p,w
2457,p,w
2458,p,w
2459,p,w
2460,p,w
2461,p,w
2462,p,w
2463,p,w
2464,p,w
2465,p,w
2466,p,w
2467,p,w
2468,p,w
2469,p,w
2470,p,w
2471,p,w
2472,p,w
2473,p,w
2474,p,w
2475,p,w
2476,p,w
2477,p,w
2478,p,w
2479,p,w
2480,p,w
2481,p,w
2482,p,w
2483,p,w
2484,p,w
2485,p,w
2486,p,w
2487,p,w
2488,p,w
2489,p,w
2490,p,w
2491,p,w
2492,p,w
2493,p,w
2494,p,w
2495,p,w
2496,p,w
2497,p,w
2498,p,w
2499,p,w
2500,p,w
2501,p,w
2502,p,w
2503,p,w
2504,p,w
2505,p,w
2506,p,w
2507,p,w
2508,p,w
2509,p,w
2510,p,w
2511,p,w
2512,p,w
2513,p,w
2514,p,w
2515,p,w
2516,p,w
2517,p,w
2518,p,w
2519,p,w
2520,p,w
2521,p,w
2522,p,w
2523,p,w
2524,p,w
2525,p,w
2526,p,w
2527,p,w
2528,p,w
2529,p,w
2530,p,w
2531,p,w
2532,p,w
2533,p,w
2534,p,w
2535,p,w
2536,p,w
2537,p,w
2538,p,w
2539,p,w
2540,p,w
2541,p,w
2542,p,w
2543,p,w
2544,p,w
2545,p,w
2546,p,w
2547,p,w
2548,p,w
2549,p,w
2550,p,w
2551,p,w
2552,p,w
2553,p,w
2554,p,w
2555,p,w
2556,p,w
2557,p,w
2558,p,w
2559,p,w
2560,p,w
2561,p,w
2562,p,w
2563,p,w
2564,p,w
2565,p,w
2566,p,w
2567,p,w
2568,p,w
2569,p,w
2570,p,w
2571,p,w
2572,p,w
2573,p,w
2574,p,w
2575,p,w
2576,p,w
2577,p,w
2578,p,w
2579,p,w
2580,p,w
2581,p,w
2582,p,w
2583,p,w
2584,p,w
2585,p,w
2586,p,w
2587,p,w
2588,p,w
2589,p,w
2590,p,w
2591,p,w
2592,p,w
2593,p,w
2594,p,w
2595,p,w
2596,p,w
2597,p,w
2598,p,w
2599,p,w
2600,p,w
2601,p,w
2602,p,w
2603,p,w
2604,p,w
2605,p,w
2606,p,w
2607,p,w
2608,p,w
2609,p,w
2610,p,w
2611,p,w
2612,p,w
2613,p,w
2614,p,w
2615,p,w
2616,p,w
2617,p,w
2618,p,w
2619,p,w
2620,p,w
2621,p,w
2622,p,w
2623,p,w
2624,p,w
2625,p,w
2626,p,w
2627,p,w
2628,p,w
2629,p,w
2630,p,w
2631,p,w
2632,p,w
2633,p,w
2634,p,w
2635,p,w
2636,p,w
2637,p,w
2638,p,w
2639,p,w
2640,p,w
2641,p,w
2642,p,w
2643,p,w
2644,p,w
2645,p,w
2646,p,w
2647,p,w
2648,p,w
2649,p,w
2650,p,w
2651,p,w
2652,p,w
2653,p,w
2654,p,w
2655,p,w
2656,p,w
2657,p,w
2658,p,w
2659,p,w
2660,p,w
2661,p,w
2662,p,w
2663,p,w
2664,p,w
2665,p,w
2666,p,w
2667,p,w
2668,p,w
2669,p,w
2670,p,w
2671,p,w
2672,p,w
2673,p,w
2674,p,w
2675,p,w
2676,p,w
2677,p,w
2678,p,w
2679,p,w
2680,p,w
2681,p,w
2682,p,w
2683,p,w
2684,p,w
2685,p,w
2686,p,w
2687,p,w
2688,p,w
2689,p,w
2690,p,w
2691,p,w
2692,p,w
2693,p,w
2694,p,w
2695,p,w
2696,p,w
2697,p,w
2698,p,w
2699,p,w
2700,p,w
2701,p,w
2702,p,w
2703,p,w
2704,p,w
2705,p,w
2706,p,w
2707,p,w
2708,p,w
2709,p,w
2710,p,w
2711,p,w
2712,p,w
2713,p,w
2714,p,w
2715,p,w
2716,p,w
2717,p,w
2718,p,w
2719,p,w
2720,p,w
2721,p,w
2722,p,w
2723,p,w
2724,p,w
2725,p,w
2726,p,w
2727,p,w
2728,p,w
2729,p,w
2730,p,w
2731,p,w
2732,p,w
2733,p,w
2734,p,w
2735,p,w
2736,p,w
2737,p,w
2738,p,w
2739,p,w
2740,p,w
2741,p,w
2742,p,w
2743,p,w
2744,p,w
2745,p,w
2746,p,w
2747,p,w
2748,p,w
2749,p,w
2750,p,w
2751,p,w
2752,p,w
2753,p,w
2754,p,w
2755,p,w
2756,p,w
2757,p,w
2758,p,w
2759,p,w
2760,p,w
2761,p,w
2762,p,w
2763,p,w
2764,p,w
2765,p,w
2766,p,w
2767,p,w
2768,p,w
2769,p,w
2770,p,w
2771,p,w
2772,p,w
2773,p,w
2774,p,w
2775,p,w
2776,p,w
2777,p,w
2778,p,w
2779,p,w
2780,p,w
2781,p,w
2782,p,w
2783,p,w
2784,p,w
2785,p,w
2786,p,w
2787,p,w
2788,p,w
2789,p,w
2790,p,w
2791,p,w
2792,p,w
2793,p,w
2794,p,w
2795,p,w
2796,p,w
2797,p,w
2798,p,w
2799,p,w
2800,p,w
2801,p,w
2802,p,w
2803,p,w
2804,p,w
2805,p,w
2806,p,w
2807,p,w
2808,p,w
2809,p,w
2810,p,w
2811,p,w
2812,p,w
2813,p,w
2814,p,w
2815,p,w
2816,p,w
2817,p,w
2818,p,w
2819,p,w
2820,p,w
2821,p,w
2822,p,w
2823,p,w
2824,p,w
2825,p,w
2826,p,w
2827,p,w
2828,p,w
2829,p,w
2830,p,w
2831,p,w
2832,p,w
2833,p,w
2834,p,w
2835,p,w
2836,p,w
2837,p,w
2838,p,w
2839,p,w
2840,p,w
2841,p,w
2842,p,w
2843,p,w
2844,p,w
2845,p,w
2846,p,w
2847,p,w
2848,p,w
2849,p,w
2850,p,w
2851,p,w
2852,p,w
2853,p,w
2854,p,w
2855,p,w
2856,p,w
2857,p,w
2858,p,w
2859,p,w
2860,p,w
2861,p,w
2862,p,w
2863,p,w
2864,p,w
2865,p,w
2866,p,w
2867,p,w
2868,p,w
2869,p,w
2870,p,w
2871,p,w
2872,p,w
2873,p,w
2874,p,w
2875,p,w
2876,p,w
2877,p,w
2878,p,w
2879,p,w
2880,p,w
2881,p,w
2882,p,w
2883,p,w
2884,p,w
2885,p,w
2886,p,w
2887,p,w
2888,p,w
2889,p,w
2890,p,w
2891,p,w
2892,p,w
2893,p,w
2894,p,w
2895,p,w
2896,p,w
2897,p,w
2898,p,w
2899,p,w
2900,p,w
2901,p,w
2902,p,w
2903,p,w
2904,p,w
2905,p,w
2906,p,w
2907,p,w
2908,p,w
2909,p,w
2910,p,w
2911,p,w
2912,p,w
2913,p,w
2914,p,w
2915,p,w
2916,p,w
2917,p,w
2918,p,w
2919,p,w
2920,p,w
2921,p,w
2922,p,w
2923,p,w
2924,p,w
2925,p,w
2926,p,w
2927,p,w
2928,p,w
2929,p,w
2930,p,w
2931,p,w
2932,p,w
2933,p,w
2934,p,w
2935,p,w
2936,p,w
2937,p,w
2938,p,w
2939,p,w
2940,p,w
2941,p,w
2942,p,w
2943,p,w
2944,p,w
2945,p,w
2946,p,w
2947,p,w
2948,p,w
2949,p,w
2950,p,w
2951,p,w
2952,p,w
2953,p,w
2954,p,w
2955,p,w
2956,p,w
2957,p,w
2958,p,w
2959,p,w
2960,p,w
2961,p,w
2962,p,w
2963,p,w
2964,p,w
2965,p,w
2966,p,w
2967,p,w
2968,p,w
2969,p,w
2970,p,w
2971,p,w
2972,p,w
2973,p,w
2974,p,w
2975,p,w
2976,p,w
2977,p,w
2978,p,w
2979,p,w
2980,p,w
2981,p,w
2982,p,w
2983,p,w
2984,p,w
2985,p,w
2986,p,w
2987,p,w
2988,p,w
2989,p,w
2990,p,w
2991,p,w
2992,p,w
2993,p,w
2994,p,w
2995,p,w
2996,p,w
2997,p,w
2998,p,w
2999,p,w
3000,p,w
3001,p,w
3002,p,w
3003,p,w
3004,p,w
3005,p,w
3006,p,w
3007,p,w
3008,p,w
3009,p,w
3010,p,w
3011,p,w
3012,p,w
3013,p,w
3014,p,w
3015,p,w
3016,p,w
3017,p,w
3018,p,w
3019,p,w
3020,p,w
3021,p,w
3022,p,w
3023,p,w
3024,p,w
3025,p,w
3026,p,w
3027,p,w
3028,p,w
3029,p,w
3030,p,w
3031,p,w
3032,p,w
3033,p,w
3034,p,w
3035,p,w
3036,p,w
3037,p,w
3038,p,w
3039,p,w
3040,p,w
3041,p,w
3042,p,w
3043,p,w
3044,p,w
3045,p,w
3046,p,w
3047,p,w
3048,p,w
3049,p,w
3050,p,w
3051,p,w
3052,p,w
3053,p,w
3054,p,w
3055,p,w
3056,p,w
3057,p,w
3058,p,w
3059,p,w
3060,p,w
3061,p,w
3062,p,w
3063,p,w
3064,p,w
3065,p,w
3066,p,w
3067,p,w
3068,p,w
3069,p,w
3070,p,w
3071,p,w
3072,p,w
3073,p,w
3074,p,w
3075,p,w
3076,p,w
3077,p,w
3078,p,w
3079,p,w
3080,p,w
3081,p,w
3082,p,w
3083,p,w
3084,p,w
3085,p,w
3086,p,w
3087,p,w
3088,p,w
3089,p,w
3090,p,w
3091,p,w
3092,p,w
3093,p,w
3094,p,w
3095,p,w
3096,p,w
3097,p,w
3098,p,w
3099,p,w
3100,p,w
3101,p,w
3102,p,w
3103,p,w
3104,p,w
3105,p,w
3106,p,w
3107,p,w
3108,p,w
3109,p,w
3110,p,w
3111,p,w
3112,p,w
3113,p,w
3114,p,w
3115,p,w
3116,p,w
3117,p,w
3118,p,w
3119,p,w
3120,p,w
3121,p,w
3122,p,w
3123,p,w
3124,p,w
3125,p,w
3126,p,w
3127,p,w
3128,p,w
3129,p,w
3130,p,w
3131,p,w
3132,p,w
3133,p,w
3134,p,w
3135,p,w
3136,p,w
3137,p,w
3138,p,w
3139,p,w
3140,p,w
3141,p,w
3142,p,w
3143,p,w
3144,p,w
3145,p,w
3146,p,w
3147,p,w
3148,p,w
3149,p,w
3150,p,w
3151,p,w
3152,p,w
3153,p,w
3154,p,w
3155,p,w
3156,p,w
3157,p,w
3158,p,w
3159,p,w
3160,p,w
3161,p,w
3162,p,w
3163,p,w
3164,p,w
3165,p,w
3166,p,w
3167,p,w
3168,p,w
3169,p,w
3170,p,w
3171,p,w
3172,p,w
3173,p,w
3174,p,w
3175,p,w
3176,p,w
3177,p,w
3178,p,w
3179,p,w
3180,p,w
3181,p,w
3182,p,w
3183,p,w
3184,p,w
3185,p,w
3186,p,w
3187,p,w
3188,p,w
3189,p,w
3190,p,w
3191,p,w
3192,p,w
3193,p,w
3194,p,w
3195,p,w
3196,p,w
3197,p,w
3198,p,w
3199,p,w
3200,p,w
3201,p,w
3202,p,w
3203,p,w
3204,p,w
3205,p,w
3206,p,w
3207,p,w
3208,p,w
3209,p,w
3210,p,w
3211,p,w
3212,p,w
3213,p,w
3214,p,w
3215,p,w
3216,p,w
3217,p,w
3218,p,w
3219,p,w
3220,p,w
3221,p,w
3222,p,w
3223,p,w
3224,p,w
3225,p,w
3226,p,w
3227,p,w
3228,p,w
3229,p,w
3230,p,w
3231,p,w
3232,p,w
3233,p,w
3234,p,w
3235,p,w
3236,p,w
3237,p,w
3238,p,w
3239,p,w
3240,p,w
3241,p,w
3242,p,w
3243,p,w
3244,p,w
3245,p,w
3246,p,w
3247,p,w
3248,p,w
3249,p,w
3250,p,w
3251,p,w
3252,p,w
3253,p,w
3254,p,w
3255,p,w
3256,p,w
3257,p,w
3258,p,w
3259,p,w
3260,p,w
3261,p,w
3262,p,w
3263,p,w
3264,p,w
3265,p,w
3266,p,w
3267,p,w
3268,p,w
3269,p,w
3270,p,w
3271,p,w
3272,p,w
3273,p,w
3274,p,w
3275,p,w
3276,p,w
3277,p,w
3278,p,w
3279,p,w
3280,p,w
3281,p,w
3282,p,w
3283,p,w
3284,p,w
3285,p,w
3286,p,w
3287,p,w
3288,p,w
3289,p,w
3290,p,w
3291,p,w
3292,p,w
3293,p,w
3294,p,w
3295,p,w
3296,p,w
3297,p,w
3298,p,w
3299,p,w
3300,p,w
3301,p,w
3302,p,w
3303,p,w
3304,p,w
3305,p,w
3306,p,w
3307,p,w
3308,p,w
3309,p,w
3310,p,w
3311,p,w
3312,p,w
3313,p,w
3314,p,w
3315,p,w
3316,p,w
3317,p,w
3318,p,w
3319,p,w
3320,p,w
3321,p,w
3322,p,w
3323,p,w
3324,p,w
3325,p,w
3326,p,w
3327,p,w
3328,p,w
3329,p,w
3330,p,w
3331,p,w
3332,p,w
3333,p,w
3334,p,w
3335,p,w
3336,p,w
3337,p,w
3338,p,w
3339,p,w
3340,p,w
3341,p,w
3342,p,w
3343,p,w
3344,p,w
3345,p,w
3346,p,w
3347,p,w
3348,p,w
3349,p,w
3350,p,w
3351,p,w
3352,p,w
3353,p,w
3354,p,w
3355,p,w
3356,p,w
3357,p,w
3358,p,w
3359,p,w
3360,p,w
3361,p,w
3362,p,w
3363,p,w
3364,p,w
3365,p,w
3366,p,w
3367,p,w
3368,p,w
3369,p,w
3370,p,w
3371,p,w
3372,p,w
3373,p,w
3374,p,w
3375,p,w
3376,p,w
3377,p,w
3378,p,w
3379,p,w
3380,p,w
3381,p,w
3382,p,w
3383,p,w
3384,p,w

3385,p,w
3386,p,w
3387,p,w
3388,p,w
3389,p,w
3390,p,w
3391,p,w
3392,p,w
3393,p,w
3394,p,w
3395,p,w
3396,p,w
3397,p,w
3398,p,w
3399,p,w
3400,p,w
3401,p,w
3402,p,w
3403,p,w
3404,p,w
3405,p,w
3406,p,w
3407,p,w
3408,p,w
3409,p,w
3410,p,w
3411,p,w
3412,p,w
3413,p,w
3414,p,w
3415,p,w
3416,p,w
3417,p,w
3418,p,w
3419,p,w
3420,p,w
3421,p,w
3422,p,w
3423,p,w
3424,p,w
3425,p,w
3426,p,w
3427,p,w
3428,p,w
3429,p,w
3430,p,w
3431,p,w
3432,p,w
3433,p,w
3434,p,w
3435,p,w
3436,p,w
3437,p,w
3438,p,w
3439,p,w
3440,p,w
3441,p,w
3442,p,w
3443,p,w
3444,p,w
3445,p,w
3446,p,w
3447,p,w
3448,p,w
3449,p,w
3450,p,w
3451,p,w
3452,p,w
3453,p,w
3454,p,w
3455,p,w
3456,p,w
3457,p,w
3458,p,w
3459,p,w
3460,p,w
3461,p,w
3462,p,w
3463,p,w
3464,p,w
3465,p,w
3466,p,w
3467,p,w
3468,p,w
3469,p,w
3470,p,w
3471,p,w
3472,p,w
3473,p,w
3474,p,w
3475,p,w
3476,p,w
3477,p,w
3478,p,w
3479,p,w
3480,p,w
3481,p,w
3482,p,w
3483,p,w
3484,p,w
3485,p,w
3486,p,w
3487,p,w
3488,p,w
3489,p,w
3490,p,w
3491,p,w
3492,p,w
3493,p,w
3494,p,w
3495,p,w
3496,p,w
3497,p,w
3498,p,w
3499,p,w
3500,p,w
3501,p,w
3502,p,w
3503,p,w
3504,p,w
3505,p,w
3506,p,w
3507,p,w
3508,p,w
3509,p,w
3510,p,w
3511,p,w
3512,p,w
3513,p,w
3514,p,w
3515,p,w
3516,p,w
3517,p,w
3518,p,w
3519,p,w
3520,p,w
3521,p,w
3522,p,w
3523,p,w
3524,p,w
3525,p,w
3526,p,w
3527,p,w
3528,p,w
3529,p,w
3530,p,w
3531,p,w
3532,p,w
3533,p,w
3534,p,w
3535,p,w
3536,p,w
3537,p,w
3538,p,w
3539,p,w
3540,p,w
3541,p,w
3542,p,w
3543,p,w
3544,p,w
3545,p,w
3546,p,w
3547,p,w
3548,p,w
3549,p,w
3550,p,w
3551,p,w
3552,p,w
3553,p,w
3554,p,w
3555,p,w
3556,p,w
3557,p,w
3558,p,w
3559,p,w
3560,p,w
3561,p,w
3562,p,w
3563,p,w
3564,p,w
3565,p,w
3566,p,w
3567,p,w
3568,p,w
3569,p,w
3570,p,w
3571,p,w
3572,p,w
3573,p,w
3574,p,w
3575,p,w
3576,p,w
3577,p,w
3578,p,w
3579,p,w
3580,p,w
3581,p,w
3582,p,w
3583,p,w
3584,p,w
3585,p,w
3586,p,w
3587,p,w
3588,p,w
3589,p,w
3590,p,w
3591,p,w
3592,p,w
3593,p,w
3594,p,w
3595,p,w
3596,p,w
3597,p,w
3598,p,w
3599,p,w
3600,p,w
3601,p,w
3602,p,w
3603,p,w
3604,p,w
3605,p,w
3606,p,w
3607,p,w
3608,p,w
3609,p,w
3610,p,w
3611,p,w
3612,p,w
3613,p,w
3614,p,w
3615,p,w
3616,p,w
3617,p,w
3618,p,w
3619,p,w
3620,p,w
3621,p,w
3622,p,w
3623,p,w
3624,p,w
3625,p,w
3626,p,w
3627,p,w
3628,p,w
3629,p,w
3630,p,w
3631,p,w
3632,p,w
3633,p,w
3634,p,w
3635,p,w
3636,p,w
3637,p,w
3638,p,w
3639,p,w
3640,p,w
3641,p,w
3642,p,w
3643,p,w
3644,p,w
3645,p,w
3646,p,w
3647,p,w
3648,p,w
3649,p,w
3650,p,w
3651,p,w
3652,p,w
3653,p,w
3654,p,w
3655,p,w
3656,p,w
3657,p,w
3658,p,w
3659,p,w
3660,p,w
3661,p,w
3662,p,w
3663,p,w
3664,p,w
3665,p,w
3666,p,w
3667,p,w
3668,p,w
3669,p,w
3670,p,w
3671,p,w
3672,p,w
3673,p,w
3674,p,w
3675,p,w
3676,p,w
3677,p,w
3678,p,w
3679,p,w
3680,p,w
3681,p,w
3682,p,w
3683,p,w
3684,p,w
3685,p,w
3686,p,w
3687,p,w
3688,p,w
3689,p,w
3690,p,w
3691,p,w
3692,p,w
3693,p,w
3694,p,w
3695,p,w
3696,p,w
3697,p,w
3698,p,w
3699,p,w
3700,p,w
3701,p,w
3702,p,w
3703,p,w
3704,p,w
3705,p,w
3706,p,w
3707,p,w
3708,p,w
3709,p,w
3710,p,w
3711,p,w
3712,p,w
3713,p,w
3714,p,w
3715,p,w
3716,p,w
3717,p,w
3718,p,w
3719,p,w
3720,p,w
3721,p,w
3722,p,w
3723,p,w
3724,p,w
3725,p,w
3726,p,w
3727,p,w
3728,p,w
3729,p,w
3730,p,w
3731,p,w
3732,p,w
3733,p,w
3734,p,w
3735,p,w
3736,p,w
3737,p,w
3738,p,w
3739,p,w
3740,p,w
3741,p,w
3742,p,w
3743,p,w
3744,p,w
3745,p,w
3746,p,w
3747,p,w
3748,p,w
3749,p,w
3750,p,w
3751,p,w
3752,p,w
3753,p,w
3754,p,w
3755,p,w
3756,p,w
3757,p,w
3758,p,w
3759,p,w
3760,p,w
3761,p,w
3762,p,w
3763,p,w
3764,p,w
3765,p,w
3766,p,w
3767,p,w
3768,p,w
3769,p,w
3770,p,w
3771,p,w
3772,p,w
3773,p,w
3774,p,w
3775,p,w
3776,p,w
3777,p,w
3778,p,w
3779,p,w
3780,p,w
3781,p,w
3782,p,w
3783,p,w
3784,p,w
3785,p,w
3786,p,w
3787,p,w
3788,p,w
3789,p,w
3790,p,w
3791,p,w
3792,p,w
3793,p,w
3794,p,w
3795,p,w
3796,p,w
3797,p,w
3798,p,w
3799,p,w
3800,p,w
3801,p,w
3802,p,w
3803,p,w
3804,p,w
3805,p,w
3806,p,w
3807,p,w
3808,p,w
3809,p,w
3810,p,w
3811,p,w
3812,p,w
3813,p,w
3814,p,w
3815,p,w
3816,p,w
3817,p,w
3818,p,w
3819,p,w
3820,p,w
3821,p,w
3822,p,w
3823,p,w
3824,p,w
3825,p,w
3826,p,w
3827,p,w
3828,p,w
3829,p,w
3830,p,w
3831,p,w
3832,p,w
3833,p,w
3834,p,w
3835,p,w
3836,p,w
3837,p,w
3838,p,w
3839,p,w
3840,p,w
3841,p,w
3842,p,w
3843,p,w
3844,p,w
3845,p,w
3846,p,w
3847,p,w
3848,p,w
3849,p,w
3850,p,w
3851,p,w
3852,p,w
3853,p,w
3854,p,w
3855,p,w
3856,p,w
3857,p,w
3858,p,w
3859,p,w
3860,p,w
3861,p,w
3862,p,w
3863,p,w
3864,p,w
3865,p,w
3866,p,w
3867,p,w
3868,p,w
3869,p,w
3870,p,w
3871,p,w
3872,p,w
3873,p,w
3874,p,w
3875,p,w
3876,p,w
3877,p,w
3878,p,w
3879,p,w
3880,p,w
3881,p,w
3882,p,w
3883,p,w
3884,p,w
3885,p,w
3886,p,w
3887,p,w
3888,p,w
3889,p,w
3890,p,w
3891,p,w
3892,p,w
3893,p,w
3894,p,w
3895,p,w
3896,p,w
3897,p,w
3898,p,w
3899,p,w
3900,p,w
3901,p,w
3902,p,w
3903,p,w
3904,p,w
3905,p,w
3906,p,w
3907,p,w
3908,p,w
3909,p,w
3910,p,w
3911,p,w
3912,p,w
3913,p,w
3914,p,w
3915,p,w
3916,p,w
3917,p,w
3918,p,w
3919,p,w
3920,p,w
3921,p,w
3922,p,w
3923,p,w
3924,p,w
3925,p,w
3926,p,w
3927,p,w
3928,p,w
3929,p,w
3930,p,w
3931,p,w
3932,p,w
3933,p,w
3934,p,w
3935,p,w
3936,p,w
3937,p,w
3938,p,w
3939,p,w
3940,p,w
3941,p,w
3942,p,w
3943,p,w
3944,p,w
3945,p,w
3946,p,w
3947,p,w
3948,p,w
3949,p,w
3950,p,w
3951,p,w
3952,p,w
3953,p,w
3954,p,w
3955,p,w
3956,p,w
3957,p,w
3958,p,w
3959,p,w
3960,p,w
3961,p,w
3962,p,w
3963,p,w
3964,p,w
3965,p,w
3966,p,w
3967,p,w
3968,p,w
3969,p,w
3970,p,w
3971,p,w
3972,p,w
3973,p,w
3974,p,w
3975,p,w
3976,p,w
3977,p,w
3978,p,w
3979,p,w
3980,p,w
3981,p,w
3982,p,w
3983,p,w
3984,p,w
3985,p,w
3986,p,w
3987,p,w
3988,p,w
3989,p,w
3990,p,w
3991,p,w
3992,p,w
3993,p,w
3994,p,w
3995,p,w
3996,p,w
3997,p,w
3998,p,w
3999,p,w
4000,p,w
4001,p,w
4002,p,w
4003,p,w
4004,p,w
4005,p,w
4006,p,w
4007,p,w
4008,p,w
4009,p,w
4010,p,w
4011,p,w
4012,p,w
4013,p,w
4014,p,w
4015,p,w
4016,p,w
4017,p,w
4018,p,w
4019,p,w
4020,p,w
4021,p,w
4022,p,w
4023,p,w
4024,p,w
4025,p,w
4026,p,w
4027,p,w
4028,p,w
4029,p,w
4030,p,w
4031,p,w
4032,p,w
4033,p,w
4034,p,w
4035,p,w
4036,p,w
4037,p,w
4038,p,w
4039,p,w
4040,p,w
4041,p,w
4042,p,w
4043,p,w
4044,p,w
4045,p,w
4046,p,w
4047,p,w
4048,p,w
4049,p,w
4050,p,w
4051,p,w
4052,p,w
4053,p,w
4054,p,w
4055,p,w
4056,p,w
4057,p,w
4058,p,w
4059,p,w
4060,p,w
4061,p,w
4062,p,w
4063,p,w
4064,p,w
4065,p,w
4066,p,w
4067,p,w
4068,p,w
4069,p,w
4070,p,w
4071,p,w
4072,p,w
4073,p,w
4074,p,w
4075,p,w
4076,p,w
4077,p,w
4078,p,w
4079,p,w
4080,p,w
4081,p,w
4082,p,w
4083,p,w
4084,p,w
4085,p,w
4086,p,w
4087,p,w
4088,p,w
4089,p,w
4090,p,w
4091,p,w
4092,p,w
4093,p,w
4094,p,w
4095,p,w
4096,p,w
4097,p,w
4098,p,w
4099,p,w
4100,p,w
4101,p,w
4102,p,w
4103,p,w
4104,p,w
4105,p,w
4106,p,w
4107,p,w
4108,p,w
4109,p,w
4110,p,w
4111,p,w
4112,p,w
4113,p,w
4114,p,w
4115,p,w
4116,p,w
4117,p,w
4118,p,w
4119,p,w
4120,p,w
4121,p,w
4122,p,w
4123,p,w
4124,p,w
4125,p,w
4126,p,w
4127,p,w
4128,p,w
4129,p,w
4130,p,w
4131,p,w
4132,p,w
4133,p,w
4134,p,w
4135,p,w
4136,p,w
4137,p,w
4138,p,w
4139,p,w
4140,p,w
4141,p,w
4142,p,w
4143,p,w
4144,p,w
4145,p,w
4146,p,w
4147,p,w
4148,p,w
4149,p,w
4150,p,w
4151,p,w
4152,p,w
4153,p,w
4154,p,w
4155,p,w
4156,p,w
4157,p,w
4158,p,w
4159,p,w
4160,p,w
4161,p,w
4162,p,w
4163,p,w
4164,p,w
4165,p,w
4166,p,w
4167,p,w
4168,p,w
4169,p,w
4170,p,w
4171,p,w
4172,p,w
4173,p,w
4174,p,w
4175,p,w
4176,p,w
4177,p,w
4178,p,w
4179,p,w
4180,p,w
4181,p,w
4182,p,w
4183,p,w
4184,p,w
4185,p,w
4186,p,w
4187,p,w
4188,p,w
4189,p,w
4190,p,w
4191,p,w
4192,p,w
4193,p,w
4194,p,w
4195,p,w
4196,p,w
4197,p,w
4198,p,w
4199,p,w
4200,p,w
4201,p,w
4202,p,w
4203,p,w
4204,p,w
4205,p,w
4206,p,w
4207,p,w
4208,p,w
4209,p,w
4210,p,w
4211,p,w
4212,p,w
4213,p,w
4214,p,w
4215,p,w
4216,p,w
4217,p,w
4218,p,w
4219,p,w
4220,p,w
4221,p,w
4222,p,w
4223,p,w
4224,p,w
4225,p,w
4226,p,w
4227,p,w
4228,p,w
4229,p,w
4230,p,w
4231,p,w
4232,p,w
4233,p,w
4234,p,w
4235,p,w
4236,p,w
4237,p,w
4238,p,w
4239,p,w
4240,p,w
4241,p,w
4242,p,w
4243,p,w
4244,p,w
4245,p,w
4246,p,w
4247,p,w
4248,p,w
4249,p,w
4250,p,w
4251,p,w
4252,p,w
4253,p,w
4254,p,w
4255,p,w
4256,p,w
4257,p,w
4258,p,w
4259,p,w
4260,p,w
4261,p,w
4262,p,w
4263,p,w
4264,p,w
4265,p,w
4266,p,w
4267,p,w
4268,p,w
4269,p,w
4270,p,w
4271,p,w
4272,p,w
4273,p,w
4274,p,w
4275,p,w
4276,p,w
4277,p,w
4278,p,w
4279,p,w
4280,p,w
4281,p,w
4282,p,w
4283,p,w
4284,p,w
4285,p,w
4286,p,w
4287,p,w
4288,p,w
4289,p,w
4290,p,w
4291,p,w
4292,p,w
4293,p,w
4294,p,w
4295,p,w
4296,p,w
4297,p,w
4298,p,w
4299,p,w
4300,p,w
4301,p,w
4302,p,w
4303,p,w
4304,p,w
4305,p,w
4306,p,w
4307,p,w
4308,p,w
4309,p,w
4310,p,w
4311,p,w
4312,p,w
4313,p,w
4314,p,w
4315,p,w
4316,p,w
4317,p,w
4318,p,w
4319,p,w
4320,p,w
4321,p,w
4322,p,w
4323,p,w
4324,p,w
4325,p,w
4326,p,w
4327,p,w
4328,p,w
4329,p,w
4330,p,w
4331,p,w
4332,p,w
4333,p,w
4334,p,w
4335,p,w
4336,p,w
4337,p,w
4338,p,w
4339,p,w
4340,p,w
4341,p,w
4342,p,w
4343,p,w
4344,p,w
4345,p,w
4346,p,w
4347,p,w
4348,p,w
4349,p,w
4350,p,w
4351,p,w
4352,p,w
4353,p,w
4354,p,w
4355,p,w
4356,p,w
4357,p,w
4358,p,w
4359,p,w
4360,p,w
4361,p,w
4362,p,w
4363,p,w
4364,p,w
4365,p,w
4366,p,w
4367,p,w
4368,p,w
4369,p,w
4370,p,w
4371,p,w
4372,p,w
4373,p,w
4374,p,w
4375,p,w
4376,p,w
4377,p,w
4378,p,w
4379,p,w
4380,p,w
4381,p,w
4382,p,w
4383,p,w
4384,p,w
4385,p,w
4386,p,w
4387,p,w
4388,p,w
4389,p,w
4390,p,w
4391,p,w
4392,p,w
4393,p,w
4394,p,w
4395,p,w
4396,p,w
4397,p,w
4398,p,w
4399,p,w
4400,p,w
4401,p,w
4402,p,w
4403,p,w
4404,p,w
4405,p,w
4406,p,w
4407,p,w
4408,p,w
4409,p,w
4410,p,w
4411,p,w
4412,p,w
4413,p,w
4414,p,w
4415,p,w
4416,p,w
4417,p,w
4418,p,w
4419,p,w
4420,p,w
4421,p,w
4422,p,w
4423,p,w
4424,p,w
4425,p,w
4426,p,w
4427,p,w
4428,p,w
4429,p,w
4430,p,w
4431,p,w
4432,p,w
4433,p,w
4434,p,w
4435,p,w
4436,p,w
4437,p,w
4438,p,w
4439,p,w
4440,p,w
4441,p,w
4442,p,w
4443,p,w
4444,p,w
4445,p,w
4446,p,w
4447,p,w
4448,p,w
4449,p,w
4450,p,w
4451,p,w
4452,p,w
4453,p,w
4454,p,w
4455,p,w
4456,p,w
4457,p,w
4458,p,w
4459,p,w
4460,p,w
4461,p,w
4462,p,w
4463,p,w
4464,p,w
4465,p,w
4466,p,w
4467,p,w
4468,p,w
4469,p,w
4470,p,w
4471,p,w
4472,p,w
4473,p,w
4474,p,w
4475,p,w
4476,p,w
4477,p,w
4478,p,w
4479,p,w
4480,p,w
4481,p,w
4482,p,w
4483,p,w
4484,p,w
4485,p,w
4486,p,w
4487,p,w
4488,p,w
4489,p,w
4490,p,w
4491,p,w
4492,p,w
4493,p,w
4494,p,w
4495,p,w
4496,p,w
4497,p,w
4498,p,w
4499,p,w
4500,p,w
4501,p,w
4502,p,w
4503,p,w
4504,p,w
4505,p,w
4506,p,w
4507,p,w
4508,p,w
4509,p,w
4510,p,w
4511,p,w
4512,p,w
4513,p,w
4514,p,w
4515,p,w
4516,p,w
4517,p,w
4518,p,w
4519,p,w
4520,p,w
4521,p,w
4522,p,w
4523,p,w
4524,p,w
4525,p,w
4526,p,w
4527,p,w
4528,p,w
4529,p,w
4530,p,w
4531,p,w
4532,p,w
4533,p,w
4534,p,w
4535,p,w
4536,p,w
4537,p,w
4538,p,w
4539,p,w
4540,p,w
4541,p,w
4542,p,w
4543,p,w
4544,p,w
4545,p,w
4546,p,w
4547,p,w
4548,p,w
4549,p,w
4550,p,w
4551,p,w
4552,p,w
4553,p,w
4554,p,w
4555,p,w
4556,p,w
4557,p,w
4558,p,w
4559,p,w
4560,p,w
4561,p,w
4562,p,w
4563,p,w
4564,p,w
4565,p,w
4566,p,w
4567,p,w
4568,p,w
4569,p,w
4570,p,w
4571,p,w
4572,p,w
4573,p,w
4574,p,w
4575,p,w
4576,p,w
4577,p,w
4578,p,w
4579,p,w
4580,p,w
4581,p,w
4582,p,w
4583,p,w
4584,p,w
4585,p,w
4586,p,w
4587,p,w
4588,p,w
4589,p,w
4590,p,w
4591,p,w
4592,p,w
4593,p,w
4594,p,w
4595,p,w
4596,p,w
4597,p,w
4598,p,w
4599,p,w
4600,p,w
4601,p,w
4602,p,w
4603,p,w
4604,p,w
4605,p,w
4606,p,w
4607,p,w
4608,p,w
4609,p,w
4610,p,w
4611,p,w
4612,p,w
4613,p,w
4614,p,w
4615,p,w
4616,p,w
4617,p,w
4618,p,w
4619,p,w
4620,p,w
4621,p,w
4622,p,w
4623,p,w
4624,p,w
4625,p,w
4626,p,w
4627,p,w
4628,p,w
4629,p,w
4630,p,w
4631,p,w
4632,p,w
4633,p,w
4634,p,w
4635,p,w
4636,p,w
4637,p,w
4638,p,w
4639,p,w
4640,p,w
4641,p,w
4642,p,w
4643,p,w
4644,p,w
4645,p,w
4646,p,w
4647,p,w
4648,p,w
4649,p,w
4650,p,w
4651,p,w
4652,p,w
4653,p,w
4654,p,w
4655,p,w
4656,p,w
4657,p,w
4658,p,w
4659,p,w
4660,p,w
4661,p,w
4662,p,w
4663,p,w
4664,p,w
4665,p,w
4666,p,w
4667,p,w
4668,p,w
4669,p,w
4670,p,w
4671,p,w
4672,p,w
4673,p,w
4674,p,w
4675,p,w
4676,p,w
4677,p,w
4678,p,w
4679,p,w
4680,p,w
4681,p,w
4682,p,w
4683,p,w
4684,p,w
4685,p,w
4686,p,w
4687,p,w
4688,p,w
4689,p,w
4690,p,w
4691,p,w
4692,p,w
4693,p,w
4694,p,w
4695,p,w
4696,p,w
4697,p,w
4698,p,w
4699,p,w
4700,p,w
4701,p,w
4702,p,w
4703,p,w
4704,p,w
4705,p,w
4706,p,w
4707,p,w
4708,p,w
4709,p,w
4710,p,w
4711,p,w
4712,p,w
4713,p,w
4714,p,w
4715,p,w
4716,p,w
4717,p,w
4718,p,w
4719,p,w
4720,p,w
4721,p,w
4722,p,w
4723,p,w
4724,p,w
4725,p,w
4726,p,w
4727,p,w
4728,p,w
4729,p,w
4730,p,w
4731,p,w
4732,p,w
4733,p,w
4734,p,w
4735,p,w
4736,p,w
4737,p,w
4738,p,w
4739,p,w
4740,p,w
4741,p,w
4742,p,w
4743,p,w
4744,p,w
4745,p,w
4746,p,w
4747,p,w
4748,p,w
4749,p,w
4750,p,w
4751,p,w
4752,p,w
4753,p,w
4754,p,w
4755,p,w
4756,p,w
4757,p,w
4758,p,w
4759,p,w
4760,p,w
4761,p,w
4762,p,w
4763,p,w
4764,p,w
4765,p,w
4766,p,w
4767,p,w
4768,p,w
4769,p,w
4770,p,w
4771,p,w
4772,p,w
4773,p,w
4774,p,w
4775,p,w
4776,p,w
4777,p,w
4778,p,w
4779,p,w
4780,p,w
4781,p,w
4782,p,w
4783,p,w
4784,p,w
4785,p,w
4786,p,w
4787,p,w
4788,p,w
4789,p,w
4790,p,w
4791,p,w
4792,p,w
4793,p,w
4794,p,w
4795,p,w
4796,p,w
4797,p,w
4798,p,w
4799,p,w
4800,p,w
4801,p,w
4802,p,w
4803,p,w
4804,p,w
4805,p,w
4806,p,w
4807,p,w
4808,p,w
4809,p,w
4810,p,w
4811,p,w
4812,p,w
4813,p,w
4814,p,w
4815,p,w
4816,p,w
4817,p,w
4818,p,w
4819,p,w
4820,p,w
4821,p,w
4822,p,w
4823,p,w
4824,p,w
4825,p,w
4826,p,w
4827,p,w
4828,p,w
4829,p,w
4830,p,w
4831,p,w
4832,p,w
4833,p,w
4834,p,w
4835,p,w
4836,p,w
4837,p,w
4838,p,w
4839,p,w
4840,p,w
4841,p,w
4842,p,w
4843,p,w
4844,p,w
4845,p,w
4846,p,w
4847,p,w
4848,p,w
4849,p,w
4850,p,w
4851,p,w
4852,p,w
4853,p,w
4854,p,w
4855,p,w
4856,p,w
4857,p,w
4858,p,w
4859,p,w
4860,p,w
4861,p,w
4862,p,w
4863,p,w
4864,p,w
4865,p,w
4866,p,w
4867,p,w
4868,p,w
4869,p,w
4870,p,w
4871,p,w
4872,p,w
4873,p,w
4874,p,w
4875,p,w
4876,p,w
4877,p,w
4878,p,w
4879,p,w
4880,p,w
4881,p,w
4882,p,w
4883,p,w
4884,p,w
4885,p,w
4886,p,w
4887,p,w
4888,p,w
4889,p,w
4890,p,w
4891,p,w
4892,p,w
4893,p,w
4894,p,w
4895,p,w
4896,p,w
4897,p,w
4898,p,w
4899,p,w
4900,p,w
4901,p,w
4902,p,w
4903,p,w
4904,p,w
4905,p,w
4906,p,w
4907,p,w
4908,p,w
4909,p,w
4910,p,w
4911,p,w
4912,p,w
4913,p,w
4914,p,w
4915,p,w
4916,p,w
4917,p,w
4918,p,w
4919,p,w
4920,p,w
4921,p,w
4922,p,w
4923,p,w
4924,p,w
4925,p,w
4926,p,w
4927,p,w
4928,p,w
4929,p,w
4930,p,w
4931,p,w
4932,p,w
4933,p,w
4934,p,w
4935,p,w
4936,p,w
4937,p,w
4938,p,w
4939,p,w
4940,p,w
4941,p,w
4942,p,w
4943,p,w
4944,p,w
4945,p,w
4946,p,w
4947,p,w
4948,p,w
4949,p,w
4950,p,w
4951,p,w
4952,p,w
4953,p,w
4954,p,w
4955,p,w
4956,p,w
4957,p,w
4958,p,w
4959,p,w
4960,p,w
4961,p,w
4962,p,w
4963,p,w
4964,p,w
4965,p,w
4966,p,w
4967,p,w
4968,p,w
4969,p,w
4970,p,w
4971,p,w
4972,p,w
4973,p,w
4974,p,w
4975,p,w
4976,p,w
4977,p,w
4978,p,w
4979,p,w
4980,p,w
4981,p,w
4982,p,w
4983,p,w
4984,p,w
4985,p,w
4986,p,w
4987,p,w
4988,p,w
4989,p,w
4990,p,w
4991,p,w
4992,p,w
4993,p,w
4994,p,w
4995,p,w
4996,p,w
4997,p,w
4998,p,w
4999,p,w
5000,p,w
5001,p,w
5002,p,w
5003,p,w
5004,p,w
5005,p,w
5006,p,w
5007,p,w
5008,p,w
5009,p,w
5010,p,w
5011,p,w
5012,p,w
5013,p,w
5014,p,w
5015,p,w
5016,p,w
5017,p,w
5018,p,w
5019,p,w
5020,p,w
5021,p,w
5022,p,w
5023,p,w
5024,p,w
5025,p,w
5026,p,w
5027,p,w
5028,p,w
5029,p,w
5030,p,w
5031,p,w
5032,p,w
5033,p,w
5034,p,w
5035,p,w
5036,p,w
5037,p,w
5038,p,w
5039,p,w
5040,p,w
5041,p,w
5042,p,w
5043,p,w
5044,p,w
5045,p,w
5046,p,w
5047,p,w
5048,p,w
5049,p,w
5050,p,w
5051,p,w
5052,p,w
5053,p,w
5054,p,w
5055,p,w
5056,p,w
5057,p,w
5058,p,w
5059,p,w
5060,p,w
5061,p,w
5062,p,w
5063,p,w
5064,p,w
5065,p,w
5066,p,w
5067,p,w
5068,p,w
5069,p,w
5070,p,w
5071,p,w
5072,p,w
5073,p,w
5074,p,w
5075,p,w
5076,p,w
5077,p,w
5078,p,w
5079,p,w
5080,p,w
5081,p,w
5082,p,w
5083,p,w
5084,p,w
5085,p,w
5086,p,w
5087,p,w
5088,p,w
5089,p,w
5090,p,w
5091,p,w
5092,p,w
5093,p,w
5094,p,w
5095,p,w
5096,p,w
5097,p,w
5098,p,w
5099,p,w
5100,p,w
5101,p,w
5102,p,w
5103,p,w
5104,p,w
5105,p,w
5106,p,w
5107,p,w
5108,p,w
5109,p,w
5110,p,w
5111,p,w
5112,p,w
5113,p,w
5114,p,w
5115,p,w
5116,p,w
5117,p,w
5118,p,w
5119,p,w
5120,p,w
5121,p,w
5122,p,w
5123,p,w
5124,p,w
5125,p,w
5126,p,w
5127,p,w
5128,p,w
5129,p,w
5130,p,w
5131,p,w
5132,p,w
5133,p,w
5134,p,w
5135,p,w
5136,p,w
5137,p,w
5138,p,w
5139,p,w
5140,p,w
5141,p,w
5142,p,w
5143,p,w
5144,p,w
5145,p,w
5146,p,w
5147,p,w
5148,p,w
5149,p,w
5150,p,w
5151,p,w
5152,p,w
5153,p,w
5154,p,w
5155,p,w
5156,p,w
5157,p,w
5158,p,w
5159,p,w
5160,p,w
5161,p,w
5162,p,w
5163,p,w
5164,p,w
5165,p,w
5166,p,w
5167,p,w
5168,p,w
5169,p,w
5170,p,w
5171,p,w
5172,p,w
5173,p,w
5174,p,w
5175,p,w
5176,p,w
5177,p,w
5178,p,w
5179,p,w
5180,p,w
5181,p,w
5182,p,w
5183,p,w
5184,p,w
5185,p,w
5186,p,w
5187,p,w
5188,p,w
5189,p,w
5190,p,w
5191,p,w
5192,p,w
5193,p,w
5194,p,w
5195,p,w
5196,p,w
5197,p,w
5198,p,w
5199,p,w
5200,p,w
5201,p,w
5202,p,w
5203,p,w
5204,p,w
5205,p,w
5206,p,w
5207,p,w
5208,p,w
5209,p,w
5210,p,w
5211,p,w
5212,p,w
5213,p,w
5214,p,w
5215,p,w
5216,p,w
5217,p,w
5218,p,w
5219,p,w
5220,p,w
5221,p,w
5222,p,w
5223,p,w
5224,p,w
5225,p,w
5226,p,w
5227,p,w
5228,p,w
5229,p,w
5230,p,w
5231,p,w
5232,p,w
5233,p,w
5234,p,w
5235,p,w
5236,p,w
5237,p,w
5238,p,w
5239,p,w
5240,p,w
5241,p,w
5242,p,w
5243,p,w
5244,p,w
5245,p,w
5246,p,w
5247,p,w
5248,p,w
5249,p,w
5250,p,w
5251,p,w
5252,p,w
5253,p,w
5254,p,w
5255,p,w
5256,p,w
5257,p,w
5258,p,w
5259,p,w
5260,p,w
5261,p,w
5262,p,w
5263,p,w
5264,p,w
5265,p,w
5266,p,w
5267,p,w
5268,p,w
5269,p,w
5270,p,w
5271,p,w
5272,p,w
5273,p,w
5274,p,w
5275,p,w
5276,p,w
5277,p,w
5278,p,w
5279,p,w
5280,p,w
5281,p,w
5282,p,w
5283,p,w
5284,p,w
5285,p,w
5286,p,w
5287,p,w
5288,p,w
5289,p,w
5290,p,w
5291,p,w
5292,p,w
5293,p,w
5294,p,w
5295,p,w
5296,p,w
5297,p,w
5298,p,w
5299,p,w
5300,p,w
5301,p,w
5302,p,w
5303,p,w
5304,p,w
5305,p,w
5306,p,w
5307,p,w
5308,p,w
5309,p,w
5310,p,w
5311,p,w
5312,p,w
5313,p,w
5314,p,w
5315,p,w
5316,p,w
5317,p,w
5318,p,w
5319,p,w
5320,p,w
5321,p,w
5322,p,w
5323,p,w
5324,p,w
5325,p,w
5326,p,w
5327,p,w
5328,p,w
5329,p,w
5330,p,w
5331,p,w
5332,p,w
5333,p,w
5334,p,w
5335,p,w
5336,p,w
5337,p,w
5338,p,w
5339,p,w
5340,p,w
5341,p,w
5342,p,w
5343,p,w
5344,p,w
5345,p,w
5346,p,w
5347,p,w
5348,p,w
5349,p,w
5350,p,w
5351,p,w
5352,p,w
5353,p,w
5354,p,w
5355,p,w
5356,p,w
5357,p,w
5358,p,w
5359,p,w
5360,p,w
5361,p,w
5362,p,w
5363,p,w
5364,p,w
5365,p,w
5366,p,w
5367,p,w
5368,p,w
5369,p,w
5370,p,w
5371,p,w
5372,p,w
5373,p,w
5374,p,w
5375,p,w
5376,p,w
5377,p,w
5378,p,w
5379,p,w
5380,p,w
5381,p,w
5382,p,w
5383,p,w
5384,p,w
5385,p,w
5386,p,w
5387,p,w
5388,p,w
5389,p,w
5390,p,w
5391,p,w
5392,p,w
5393,p,w
5394,p,w
5395,p,w
5396,p,w
5397,p,w
5398,p,w
5399,p,w
5400,p,w
5401,p,w
5402,p,w
5403,p,w
5404,p,w
5405,p,w
5406,p,w
5407,p,w
5408,p,w
5409,p,w
5410,p,w
5411,p,w
5412,p,w
5413,p,w
5414,p,w
5415,p,w
5416,p,w
5417,p,w
5418,p,w
5419,p,w
5420,p,w
5421,p,w
5422,p,w
5423,p,w
5424,p,w
5425,p,w
5426,p,w
5427,p,w
5428,p,w
5429,p,w
5430,p,w
5431,p,w
5432,p,w
5433,p,w
5434,p,w
5435,p,w
5436,p,w
5437,p,w
5438,p,w
5439,p,w
5440,p,w
5441,p,w
5442,p,w
5443,p,w
5444,p,w
5445,p,w
5446,p,w
5447,p,w
5448,p,w
5449,p,w
5450,p,w
5451,p,w
5452,p,w
5453,p,w
5454,p,w
5455,p,w
5456,p,w
5457,p,w
5458,p,w
5459,p,w
5460,p,w
5461,p,w
5462,p,w
5463,p,w
5464,p,w
5465,p,w
5466,p,w
5467,p,w
5468,p,w
5469,p,w
5470,p,w
5471,p,w
5472,p,w
5473,p,w
5474,p,w
5475,p,w
5476,p,w
5477,p,w
5478,p,w
5479,p,w
5480,p,w
5481,p,w
5482,p,w
5483,p,w
5484,p,w
5485,p,w
5486,p,w
5487,p,w
5488,p,w
5489,p,w
5490,p,w
5491,p,w
5492,p,w
5493,p,w
5494,p,w
5495,p,w
5496,p,w
5497,p,w
5498,p,w
5499,p,w
5500,p,w
5501,p,w
5502,p,w
5503,p,w
5504,p,w
5505,p,w
5506,p,w
5507,p,w
5508,p,w
5509,p,w
5510,p,w
5511,p,w
5512,p,w
5513,p,w
5514,p,w
5515,p,w
5516,p,w
5517,p,w
5518,p,w
5519,p,w
5520,p,w
5521,p,w
5522,p,w
5523,p,w
5524,p,w
5525,p,w
5526,p,w
5527,p,w
5528,p,w
5529,p,w
5530,p,w
5531,p,w
5532,p,w
5533,p,w
5534,p,w
5535,p,w
5536,p,w
5537,p,w
5538,p,w
5539,p,w
5540,p,w
5541,p,w
5542,p,w
5543,p,w
5544,p,w
5545,p,w
5546,p,w
5547,p,w
5548,p,w
5549,p,w
5550,p,w
5551,p,w
5552,p,w
5553,p,w
5554,p,w
5555,p,w
5556,p,w
5557,p,w
5558,p,w
5559,p,w
5560,p,w
5561,p,w
5562,p,w
5563,p,w
5564,p,w
5565,p,w
5566,p,w
5567,p,w
5568,p,w
5569,p,w
5570,p,w
5571,p,w
5572,p,w
5573,p,w
5574,p,w
5575,p,w
5576,p,w
5577,p,w
5578,p,w
5579,p,w
5580,p,w
5581,p,w
5582,p,w
5583,p,w
5584,p,w
5585,p,w
5586,p,w
5587,p,w
5588,p,w
5589,p,w
5590,p,w
5591,p,w
5592,p,w
5593,p,w
5594,p,w
5595,p,w
5596,p,w
5597,p,w
5598,p,w
5599,p,w
5600,p,w
5601,p,w
5602,p,w
5603,p,w
5604,p,w
5605,p,w
5606,p,w
5607,p,w
5608,p,w
5609,p,w
5610,p,w
5611,p,w
5612,p,w
5613,p,w
5614,p,w
5615,p,w
5616,p,w
5617,p,w
5618,p,w
5619,p,w
5620,p,w
5621,p,w
5622,p,w
5623,p,w
5624,p,w
5625,p,w
5626,p,w
5627,p,w
5628,p,w
5629,p,w
5630,p,w
5631,p,w
5632,p,w
5633,p,w
5634,p,w
5635,p,w
5636,p,w
5637,p,w
5638,p,w
5639,p,w
5640,p,w
5641,p,w
5642,p,w
5643,p,w
5644,p,w
5645,p,w
5646,p,w
5647,p,w
5648,p,w
5649,p,w
5650,p,w
5651,p,w
5652,p,w
5653,p,w
5654,p,w
5655,p,w
5656,p,w
5657,p,w
5658,p,w
5659,p,w
5660,p,w
5661,p,w
5662,p,w
5663,p,w
5664,p,w
5665,p,w
5666,p,w
5667,p,w
5668,p,w
5669,p,w
5670,p,w
5671,p,w
5672,p,w
5673,p,w
5674,p,w
5675,p,w
5676,p,w
5677,p,w
5678,p,w
5679,p,w
5680,p,w
5681,p,w
5682,p,w
5683,p,w
5684,p,w
5685,p,w
5686,p,w
5687,p,w
5688,p,w
5689,p,w
5690,p,w
5691,p,w
5692,p,w
5693,p,w
5694,p,w
5695,p,w
5696,p,w
5697,p,w
5698,p,w
5699,p,w
5700,p,w
5701,p,w
5702,p,w
5703,p,w
5704,p,w
5705,p,w
5706,p,w
5707,p,w
5708,p,w
5709,p,w
5710,p,w
5711,p,w
5712,p,w
5713,p,w
5714,p,w
5715,p,w
5716,p,w
5717,p,w
5718,p,w
5719,p,w
5720,p,w
5721,p,w
5722,p,w
5723,p,w
5724,p,w
5725,p,w
5726,p,w
5727,p,w
5728,p,w
5729,p,w
5730,p,w
5731,p,w
5732,p,w
5733,p,w
5734,p,w
5735,p,w
5736,p,w
5737,p,w
5738,p,w
5739,p,w
5740,p,w
5741,p,w
5742,p,w
5743,p,w
5744,p,w
5745,p,w
5746,p,w
5747,p,w
5748,p,w
5749,p,w
5750,p,w
5751,p,w
5752,p,w
5753,p,w
5754,p,w
5755,p,w
5756,p,w
5757,p,w
5758,p,w
5759,p,w
5760,p,w
5761,p,w
5762,p,w
5763,p,w
5764,p,w
5765,p,w
5766,p,w
5767,p,w
5768,p,w
5769,p,w
5770,p,w
5771,p,w
5772,p,w
5773,p,w
5774,p,w
5775,p,w
5776,p,w
5777,p,w
5778,p,w
5779,p,w
5780,p,w
5781,p,w
5782,p,w
5783,p,w
5784,p,w
5785,p,w
5786,p,w
5787,p,w
5788,p,w
5789,p,w
5790,p,w
5791,p,w
5792,p,w
5793,p,w
5794,p,w
5795,p,w
5796,p,w
5797,p,w
5798,p,w
5799,p,w
5800,p,w
5801,p,w
5802,p,w
5803,p,w
5804,p,w
5805,p,w
5806,p,w
5807,p,w
5808,p,w
5809,p,w
5810,p,w
5811,p,w
5812,p,w
5813,p,w
5814,p,w
5815,p,w
5816,p,w
5817,p,w
5818,p,w
5819,p,w
5820,p,w
5821,p,w
5822,p,w
5823,p,w
5824,p,w
5825,p,w
5826,p,w
5827,p,w
5828,p,w
5829,p,w
5830,p,w
5831,p,w
5832,p,w
5833,p,w
5834,p,w
5835,p,w
5836,p,w
5837,p,w
5838,p,w
5839,p,w
5840,p,w
5841,p,w
5842,p,w
5843,p,w
5844,p,w
5845,p,w
5846,p,w
5847,p,w
5848,p,w
5849,p,w
5850,p,w
5851,p,w
5852,p,w
5853,p,w
5854,p,w
5855,p,w
5856,p,w
5857,p,w
5858,p,w
5859,p,w
5860,p,w
5861,p,w
5862,p,w
5863,p,w
5864,p,w
5865,p,w
5866,p,w
5867,p,w
5868,p,w
5869,p,w
5870,p,w
5871,p,w
5872,p,w
5873,p,w
5874,p,w
5875,p,w
5876,p,w
5877,p,w
5878,p,w
5879,p,w
5880,p,w
5881,p,w
5882,p,w
5883,p,w
5884,p,w
5885,p,w
5886,p,w
5887,p,w
5888,p,w
5889,p,w
5890,p,w
5891,p,w
5892,p,w
5893,p,w
5894,p,w
5895,p,w
5896,p,w
5897,p,w
5898,p,w
5899,p,w
5900,p,w
5901,p,w
5902,p,w
5903,p,w
5904,p,w
5905,p,w
5906,p,w
5907,p,w
5908,p,w
5909,p,w
5910,p,w
5911,p,w
5912,p,w
5913,p,w
5914,p,w
5915,p,w
5916,p,w
5917,p,w
5918,p,w
5919,p,w
5920,p,w
5921,p,w
5922,p,w
5923,p,w
5924,p,w
5925,p,w
5926,p,w
5927,p,w
5928,p,w
5929,p,w
5930,p,w
5931,p,w
5932,p,w
5933,p,w
5934,p,w
5935,p,w
5936,p,w
5937,p,w
5938,p,w
5939,p,w
5940,p,w
5941,p,w
5942,p,w
5943,p,w
5944,p,w
5945,p,w
5946,p,w
5947,p,w
5948,p,w
5949,p,w
5950,p,w
5951,p,w
5952,p,w
5953,p,w
5954,p,w
5955,p,w
5956,p,w
5957,p,w
5958,p,w
5959,p,w
5960,p,w
5961,p,w
5962,p,w
5963,p,w
5964,p,w
5965,p,w
5966,p,w
5967,p,w
5968,p,w
5969,p,w
5970,p,w
5971,p,w
5972,p,w
5973,p,w
5974,p,w
5975,p,w
5976,p,w
5977,p,w
5978,p,w
5979,p,w
5980,p,w
5981,p,w
5982,p,w
5983,p,w
5984,p,w
5985,p,w
5986,p,w
5987,p,w
5988,p,w
5989,p,w
5990,p,w
5991,p,w
5992,p,w
5993,p,w
5994,p,w
5995,p,w
5996,p,w
5997,p,w
5998,p,w
5999,p,w
6000,p,w
6001,p,w
6002,p,w
6003,p,w
6004,p,w
6005,p,w
6006,p,w
6007,p,w
6008,p,w
6009,p,w
6010,p,w
6011,p,w
6012,p,w
6013,p,w
6014,p,w
6015,p,w
6016,p,w
6017,p,w
6018,p,w
6019,p,w
6020,p,w
6021,p,w
6022,p,w
6023,p,w
6024,p,w
6025,p,w
6026,p,w
6027,p,w
6028,p,w
6029,p,w
6030,p,w
6031,p,w
6032,p,w
6033,p,w
6034,p,w
6035,p,w
6036,p,w
6037,p,w
6038,p,w
6039,p,n
6040,p,w
6041,p,n
6042,p,w
6043,p,w
6044,p,w
6045,p,w
6046,p,w
6047,p,w
6048,p,w
6049,p,w
6050,p,w
6051,p,w
6052,p,w
6053,p,w
6054,p,w
6055,p,w
6056,p,w
6057,p,w
6058,p,w
6059,p,w
6060,p,w
6061,p,w
6062,p,w
6063,p,w
6064,p,w
6065,p,w
6066,p,w
6067,p,w
6068,p,w
6069,p,w
6070,p,w
6071,p,w
6072,p,w
6073,p,w
6074,p,w
6075,p,w
6076,p,w
6077,p,w
6078,p,w
6079,p,w
6080,p,w
6081,p,w
6082,p,w
6083,p,w
6084,p,w
6085,p,w
6086,p,w
6087,p,w
6088,p,w
6089,p,w
6090,p,w
6091,p,w
6092,p,w
6093,p,w
6094,p,w
6095,p,w
6096,p,w
6097,p,w
6098,p,w
6099,p,w
6100,p,w
6101,p,w
6102,p,w
6103,p,w
6104,p,w
6105,p,w
6106,p,w
6107,p,w
6108,p,w
6109,p,w
6110,p,w
6111,p,w
6112,p,w
6113,p,w
6114,p,w
6115,p,w
6116,p,w
6117,p,w
6118,p,w
6119,p,w
6120,p,w
6121,p,w
6122,p,w
6123,p,w
6124,p,w
6125,p,w
6126,p,w
6127,p,w
6128,p,w
6129,p,w
6130,p,w
6131,p,w
6132,p,w
6133,p,w
6134,p,w
6135,p,w
6136,p,w
6137,p,w
6138,p,w
6139,p,w
6140,p,w
6141,p,w
6142,p,w
6143,p,w
6144,p,w
6145,p,w
6146,p,w
6147,p,w
6148,p,w
6149,p,w
6150,p,w
6151,p,w
6152,p,w
6153,p,w
6154,p,w
6155,p,w
6156,p,w
6157,p,w
6158,p,w
6159,p,w
6160,p,w
6161,p,w
6162,p,w
6163,p,w
6164,p,w
6165,p,w
6166,p,w
6167,p,w
6168,p,w
6169,p,w
6170,p,w
6171,p,w
6172,p,w
6173,p,w
6174,p,w
6175,p,w
6176,p,w
6177,p,w
6178,p,w
6179,p,w
6180,p,w
6181,p,w
6182,p,w
6183,p,w
6184,p,w
6185,p,w
6186,p,w
6187,p,w
6188,p,w
6189,p,w
6190,p,w
6191,p,w
6192,p,w
6193,p,w
6194,p,w
6195,p,w
6196,p,w
6197,p,w
6198,p,w
6199,p,w
6200,p,w
6201,p,w
6202,p,w
6203,p,w
6204,p,w
6205,p,w
6206,p,w
6207,p,w
6208,p,w
6209,p,w
6210,p,w
6211,p,w
6212,p,w
6213,p,w
6214,p,w
6215,p,w
6216,p,w
6217,p,w
6218,p,w
6219,p,w
6220,p,w
6221,p,w
6222,p,w
6223,p,w
6224,p,w
6225,p,w
6226,p,w
6227,p,w
6228,p,w
6229,p,w
6230,p,w
6231,p,w
6232,p,w
6233,p,w
6234,p,w
6235,p,w
6236,p,w
6237,p,w
6238,p,w
6239,p,w
6240,p,w
6241,p,w
6242,p,w
6243,p,w
6244,p,w
6245,p,w
6246,p,w
6247,p,w
6248,p,w
6249,p,w
6250,p,w
6251,p,w
6252,p,w
6253,p,w
6254,p,w
6255,p,w
6256,p,w
6257,p,w
6258,p,w
6259,p,w
6260,p,w
6261,p,w
6262,p,w
6263,p,w
6264,p,w
6265,p,w
6266,p,w
6267,p,w
6268,p,w
6269,p,w
6270,p,w
6271,p,w
6272,p,w
6273,p,w
6274,p,w
6275,p,w
6276,p,w
6277,p,w
6278,p,w
6279,p,w
6280,p,w
6281,p,w
6282,p,w
6283,p,w
6284,p,w
6285,p,w
6286,p,w
6287,p,w
6288,p,w
6289,p,w
6290,p,w
6291,p,w
6292,p,w
6293,p,w
6294,p,w
6295,p,w
6296,p,w
6297,p,w
6298,p,w
6299,p,w
6300,p,w
6301,p,w
6302,p,w
6303,p,w
6304,p,w
6305,p,w
6306,p,w
6307,p,w
6308,p,w
6309,p,w
6310,p,w
6311,p,w
6312,p,w
6313,p,w
6314,p,w
6315,p,w
6316,p,w
6317,p,w
6318,p,w
6319,p,w
6320,p,w
6321,p,w
6322,p,w
6323,p,w
6324,p,w
6325,p,w
6326,p,w
6327,p,w
6328,p,w
6329,p,w
6330,p,w
6331,p,w
6332,p,w
6333,p,w
6334,p,w
6335,p,w
6336,p,w
6337,p,w
6338,p,w
6339,p,w
6340,p,w
6341,p,w
6342,p,w
6343,p,w
6344,p,w
6345,p,w
6346,p,w
6347,p,w
6348,p,w
6349,p,w
6350,p,w
6351,p,w
6352,p,w
6353,p,w
6354,p,w
6355,p,w
6356,p,w
6357,p,w
6358,p,w
6359,p,w
6360,p,w
6361,p,w
6362,p,w
6363,p,w
6364,p,w
6365,p,w
6366,p,w
6367,p,w
6368,p,w
6369,p,w
6370,p,w
6371,p,w
6372,p,w
6373,p,w
6374,p,w
6375,p,w
6376,p,o
6377,p,w
6378,p,w
6379,p,w
6380,p,w
6381,p,w
6382,p,w
6383,p,w
6384,p,w
6385,p,w
6386,p,w
6387,p,w
6388,p,w
6389,p,w
6390,p,w
6391,p,w
6392,p,w
6393,p,w
6394,p,w
6395,p,w
6396,p,w
6397,p,w
6398,p,w
6399,p,w
6400,p,w
6401,p,w
6402,p,w
6403,p,w
6404,p,w
6405,p,w
6406,p,w
6407,p,w
6408,p,w
6409,p,w
6410,p,w
6411,p,w
6412,p,w
6413,p,w
6414,p,w
6415,p,w
6416,p,w
6417,p,w
6418,p,w
6419,p,w
6420,p,w
6421,p,w
6422,p,w
6423,p,w
6424,p,w
6425,p,n
6426,p,w
6427,p,w
6428,p,w
6429,p,w
6430,p,w
6431,p,w
6432,p,w
6433,p,w
6434,p,w
6435,p,n
6436,p,w
6437,p,w
6438,p,w
6439,p,w
6440,p,w
6441,p,w
6442,p,w
6443,p,w
6444,p,w
6445,p,w
6446,p,w
6447,p,w
6448,p,w
6449,p,w
6450,p,w
6451,p,w
6452,p,w
6453,p,w
6454,p,w
6455,p,w
6456,p,w
6457,p,w
6458,p,w
6459,p,w
6460,p,w
6461,p,w
6462,p,w
6463,p,w
6464,p,w
6465,p,w
6466,p,w
6467,p,w
6468,p,w
6469,p,w
6470,p,w
6471,p,w
6472,p,w
6473,p,w
6474,p,w
6475,p,w
6476,p,w
6477,p,w
6478,p,w
6479,p,w
6480,p,w
6481,p,w
6482,p,w
6483,p,w
6484,p,w
6485,p,w
6486,p,w
6487,p,w
6488,p,w
6489,p,w
6490,p,w
6491,p,w
6492,p,w
6493,p,w
6494,p,w
6495,p,w
6496,p,w
6497,p,w
6498,p,w
6499,p,w
6500,p,w
6501,p,w
6502,p,w
6503,p,w
6504,p,w
6505,p,w
6506,p,w
6507,p,w
6508,p,w
6509,p,w
6510,p,w
6511,p,w
6512,p,w
6513,p,w
6514,p,w
6515,p,w
6516,p,w
6517,p,w
6518,p,w
6519,p,w
6520,p,w
6521,p,w
6522,p,w
6523,p,w
6524,p,w
6525,p,w
6526,p,w
6527,p,w
6528,p,w
6529,p,w
6530,p,w
6531,p,w
6532,p,w
6533,p,w
6534,p,w
6535,p,w
6536,p,w
6537,p,w
6538,p,w
6539,p,w
6540,p,w
6541,p,w
6542,p,w
6543,p,w
6544,p,w
6545,p,w
6546,p,w
6547,p,w
6548,p,w
6549,p,w
6550,p,w
6551,p,w
6552,p,w
6553,p,w
6554,p,w
6555,p,w
6556,p,w
6557,p,w
6558,p,w
6559,p,o
6560,p,w
6561,p,w
6562,p,w
6563,p,w
6564,p,w
6565,p,w
6566,p,w
6567,p,w
6568,p,w
6569,p,w
6570,p,w
6571,p,w
6572,p,w
6573,p,w
6574,p,w
6575,p,w
6576,p,w
6577,p,w
6578,p,w
6579,p,w
6580,p,w
6581,p,w
6582,p,w
6583,p,w
6584,p,w
6585,p,w
6586,p,w
6587,p,w
6588,p,w
6589,p,w
6590,p,w
6591,p,w
6592,p,w
6593,p,w
6594,p,w
6595,p,w
6596,p,w
6597,p,w
6598,p,w
6599,p,w
6600,p,w
6601,p,w
6602,p,w
6603,p,w
6604,p,w
6605,p,w
6606,p,w
6607,p,w
6608,p,w
6609,p,w
6610,p,w
6611,p,w
6612,p,w
6613,p,w
6614,p,w
6615,p,w
6616,p,w
6617,p,w
6618,p,w
6619,p,w
6620,p,w
6621,p,w
6622,p,w
6623,p,w
6624,p,w
6625,p,w
6626,p,w
6627,p,w
6628,p,w
6629,p,w
6630,p,w
6631,p,w
6632,p,w
6633,p,w
6634,p,w
6635,p,w
6636,p,w
6637,p,w
6638,p,w
6639,p,w
6640,p,w
6641,p,w
6642,p,w
6643,p,w
6644,p,w
6645,p,w
6646,p,w
6647,p,w
6648,p,w
6649,p,w
6650,p,w
6651,p,w
6652,p,w
6653,p,w
6654,p,w
6655,p,w
6656,p,w
6657,p,w
6658,p,w
6659,p,w
6660,p,w
6661,p,w
6662,p,w
6663,p,w
6664,p,n
6665,p,w
6666,p,w
6667,p,w
6668,p,w
6669,p,w
6670,p,w
6671,p,w
6672,p,w
6673,p,w
6674,p,w
6675,p,w
6676,p,w
6677,p,w
6678,p,w
6679,p,w
6680,p,w
6681,p,w
6682,p,w
6683,p,w
6684,p,w
6685,p,w
6686,p,w
6687,p,w
6688,p,w
6689,p,w
6690,p,w
6691,p,w
6692,p,w
6693,p,w
6694,p,w
6695,p,w
6696,p,w
6697,p,w
6698,p,w
6699,p,w
6700,p,w
6701,p,w
6702,p,w
6703,p,w
6704,p,w
6705,p,w
6706,p,w
6707,p,w
6708,p,w
6709,p,w
6710,p,w
6711,p,w
6712,p,w
6713,p,w
6714,p,w
6715,p,w
6716,p,w
6717,p,w
6718,p,w
6719,p,w
6720,p,w
6721,p,w
6722,p,w
6723,p,w
6724,p,w
6725,p,w
6726,p,w
6727,p,w
6728,p,w
6729,p,w
6730,p,w
6731,p,w
6732,p,w
6733,p,w
6734,p,w
6735,p,w
6736,p,w
6737,p,w
6738,p,w
6739,p,w
6740,p,w
6741,p,w
6742,p,w
6743,p,w
6744,p,w
6745,p,w
6746,p,w
6747,p,w
6748,p,w
6749,p,w
6750,p,w
6751,p,w
6752,p,w
6753,p,w
6754,p,w
6755,p,w
6756,p,w
6757,p,w
6758,p,w
6759,p,w
6760,p,w
6761,p,w
6762,p,w
6763,p,w
6764,p,n
6765,p,w
6766,p,w
6767,p,w
6768,p,w
6769,p,w
6770,p,w
6771,p,w
6772,p,w
6773,p,w
6774,p,w
6775,p,w
6776,p,w
6777,p,w
6778,p,w
6779,p,w
6780,p,w
6781,p,w
6782,p,w
6783,p,w
6784,p,w
6785,p,w
6786,p,w
6787,p,w
6788,p,w
6789,p,w
6790,p,w
6791,p,w
6792,p,w
6793,p,w
6794,p,w
6795,p,w
6796,p,w
6797,p,w
6798,p,w
6799,p,w
6800,p,w
6801,p,w
6802,p,w
6803,p,w
6804,p,w
6805,p,w
6806,p,w
6807,p,w
6808,p,w
6809,p,w
6810,p,w
6811,p,w
6812,p,w
6813,p,w
6814,p,w
6815,p,w
6816,p,w
6817,p,w
6818,p,w
6819,p,w
6820,p,w
6821,p,w
6822,p,w
6823,p,w
6824,p,w
6825,p,w
6826,p,w
6827,p,w
6828,p,w
6829,p,w
6830,p,w
6831,p,w
6832,p,w
6833,p,w
6834,p,w
6835,p,w
6836,p,w
6837,p,w
6838,p,w
6839,p,w
6840,p,w
6841,p,w
6842,p,w
6843,p,w
6844,p,w
6845,p,w
6846,p,w
6847,p,w
6848,p,w
6849,p,w
6850,p,o
6851,p,w
6852,p,w
6853,p,w
6854,p,w
6855,p,w
6856,p,w
6857,p,w
6858,p,w
6859,p,w
6860,p,w
6861,p,w
6862,p,w
6863,p,w
6864,p,w
6865,p,w
6866,p,w
6867,p,w
6868,p,w
6869,p,w
6870,p,w
6871,p,w
6872,p,w
6873,p,w
6874,p,w
6875,p,w
6876,p,w
6877,p,w
6878,p,w
6879,p,w
6880,p,w
6881,p,w
6882,p,w
6883,p,w
6884,p,w
6885,p,w
6886,p,w
6887,p,w
6888,p,w
6889,p,w
6890,p,w
6891,p,w
6892,p,w
6893,p,w
6894,p,w
6895,p,w
6896,p,w
6897,p,w
6898,p,w
6899,p,w
6900,p,w
6901,p,o
6902,p,w
6903,p,w
6904,p,w
6905,p,w
6906,p,n
6907,p,w
6908,p,w
6909,p,w
6910,p,w
6911,p,n
6912,p,w
6913,p,y
6914,p,w
6915,p,w
6916,p,w
6917,p,w
6918,p,w
6919,p,w
6920,p,w
6921,p,w
6922,p,w
6923,p,w
6924,p,w
6925,p,w
6926,p,w
6927,p,w
6928,p,n
6929,p,w
6930,p,w
6931,p,w
6932,p,w
6933,p,w
6934,p,w
6935,p,w
6936,p,w
6937,p,w
6938,p,w
6939,p,w
6940,p,w
6941,p,w
6942,p,w
6943,p,w
6944,p,w
6945,p,w
6946,p,w
6947,p,w
6948,p,w
6949,p,w
6950,p,w
6951,p,w
6952,p,w
6953,p,w
6954,p,w
6955,p,w
6956,p,w
6957,p,w
6958,p,w
6959,p,w
6960,p,w
6961,p,w
6962,p,w
6963,p,w
6964,p,w
6965,p,w
6966,p,w
6967,p,w
6968,p,w
6969,p,w
6970,p,w
6971,p,w
6972,p,w
6973,p,w
6974,p,w
6975,p,w
6976,p,w
6977,p,w
6978,p,w
6979,p,w
6980,p,w
6981,p,w
6982,p,w
6983,p,w
6984,p,w
6985,p,w
6986,p,w
6987,p,w
6988,p,w
6989,p,w
6990,p,n
6991,p,w
6992,p,w
6993,p,w
6994,p,w
6995,p,o
6996,p,w
6997,p,w
6998,p,w
6999,p,w
7000,p,o
7001,p,w
7002,p,w
7003,p,w
7004,p,w
7005,p,w
7006,p,w
7007,p,w
7008,p,w
7009,p,w
7010,p,w
7011,p,w
7012,p,w
7013,p,w
7014,p,w
7015,p,w
7016,p,w
7017,p,w
7018,p,w
7019,p,w
7020,p,w
7021,p,w
7022,p,w
7023,p,w
7024,p,w
7025,p,w
7026,p,n
7027,p,o
7028,p,w
7029,p,w
7030,p,w
7031,p,w
7032,p,w
7033,p,w
7034,p,n
7035,p,w
7036,p,w
7037,p,o
7038,p,o
7039,p,w
7040,p,w
7041,p,w
7042,p,o
7043,p,w
7044,p,w
7045,p,w
7046,p,w
7047,p,w
7048,p,w
7049,p,w
7050,p,w
7051,p,w
7052,p,n
7053,p,w
7054,p,w
7055,p,n
7056,p,w
7057,p,w
7058,p,w
7059,p,w
7060,p,w
7061,p,w
7062,p,w
7063,p,w
7064,p,w
7065,p,w
7066,p,w
7067,p,w
7068,p,w
7069,p,w
7070,p,w
7071,p,w
7072,p,w
7073,p,w
7074,p,w
7075,p,w
7076,p,w
7077,p,w
7078,p,w
7079,p,w
7080,p,n
7081,p,w
7082,p,w
7083,p,w
7084,p,w
7085,p,w
7086,p,w
7087,p,w
7088,p,w
7089,p,w
7090,p,w
7091,p,n
7092,p,w
7093,p,w
7094,p,w
7095,p,w
7096,p,w
7097,p,w
7098,p,w
7099,p,w
7100,p,w
7101,p,w
7102,p,w
7103,p,w
7104,p,w
7105,p,w
7106,p,w
7107,p,w
7108,p,w
7109,p,w
7110,p,w
7111,p,w
7112,p,w
7113,p,w
7114,p,w
7115,p,w
7116,p,w
7117,p,w
7118,p,w
7119,p,w
7120,p,w
7121,p,w
7122,p,w
7123,p,w
7124,p,w
7125,p,w
7126,p,w
7127,p,w
7128,p,w
7129,p,n
7130,p,w
7131,p,w
7132,p,w
7133,p,w
7134,p,o
7135,p,w
7136,p,o
7137,p,w
7138,p,w
7139,p,w
7140,p,w
7141,p,w
7142,p,w
7143,p,w
7144,p,w
7145,p,w
7146,p,w
7147,p,w
7148,p,w
7149,p,w
7150,p,w
7151,p,w
7152,p,w
7153,p,w
7154,p,w
7155,p,w
7156,p,w
7157,p,w
7158,p,w
7159,p,w
7160,p,w
7161,p,w
7162,p,w
7163,p,w
7164,p,w
7165,p,w
7166,p,w
7167,p,w
7168,p,w
7169,p,w
7170,p,w
7171,p,w
7172,p,w
7173,p,w
7174,p,o
7175,p,w
7176,p,w
7177,p,n
7178,p,w
7179,p,w
7180,p,w
7181,p,w
7182,p,w
7183,p,n
7184,p,w
7185,p,w
7186,p,w
7187,p,w
7188,p,w
7189,p,o
7190,p,w
7191,p,w
7192,p,w
7193,p,w
7194,p,w
7195,p,w
7196,p,w
7197,p,w
7198,p,w
7199,p,w
7200,p,w
7201,p,w
7202,p,w
7203,p,w
7204,p,w
7205,p,w
7206,p,o
7207,p,w
7208,p,w
7209,p,w
7210,p,w
7211,p,w
7212,p,w
7213,p,w
7214,p,w
7215,p,w
7216,p,w
7217,p,w
7218,p,w
7219,p,w
7220,p,w
7221,p,w
7222,p,o
7223,p,w
7224,p,w
7225,p,w
7226,p,w
7227,p,w
7228,p,w
7229,p,o
7230,p,w
7231,p,w
7232,p,w
7233,p,w
7234,p,n
7235,p,w
7236,p,o
7237,p,w
7238,p,w
7239,p,w
7240,p,n
7241,p,w
7242,p,w
7243,p,w
7244,p,w
7245,p,o
7246,p,w
7247,p,o
7248,p,w
7249,p,w
7250,p,w
7251,p,w
7252,p,o
7253,p,w
7254,p,o
7255,p,w
7256,p,w
7257,p,w
7258,p,w
7259,p,w
7260,p,w
7261,p,w
7262,p,w
7263,p,w
7264,p,w
7265,p,w
7266,p,w
7267,p,w
7268,p,w
7269,p,w
7270,p,w
7271,p,w
7272,p,w
7273,p,w
7274,p,w
7275,p,w
7276,p,w
7277,p,w
7278,p,w
7279,p,w
7280,p,w
7281,p,w
7282,p,o
7283,p,w
7284,p,w
7285,p,w
7286,p,w
7287,p,w
7288,p,w
7289,p,w
7290,p,w
7291,p,n
7292,p,w
7293,p,w
7294,p,w
7295,p,w
7296,p,y
7297,p,w
7298,p,w
7299,p,w
7300,p,n
7301,p,w
7302,p,w
7303,p,w
7304,p,w
7305,p,w
7306,p,w
7307,p,o
7308,p,w
7309,p,w
7310,p,w
7311,p,w
7312,p,w
7313,p,w
7314,p,w
7315,p,w
7316,p,w
7317,p,w
7318,p,w
7319,p,w
7320,p,w
7321,p,w
7322,p,w
7323,p,w
7324,p,w
7325,p,w
7326,p,n
7327,p,w
7328,p,n
7329,p,w
7330,p,w
7331,p,w
7332,p,w
7333,p,w
7334,p,w
7335,p,w
7336,p,w
7337,p,w
7338,p,w
7339,p,w
7340,p,w
7341,p,w
7342,p,w
7343,p,w
7344,p,w
7345,p,w
7346,p,w
7347,p,w
7348,p,w
7349,p,w
7350,p,w
7351,p,w
7352,p,w
7353,p,n
7354,p,w
7355,p,w
7356,p,w
7357,p,w
7358,p,w
7359,p,w
7360,p,w
7361,p,w
7362,p,w
7363,p,w
7364,p,w
7365,p,w
7366,p,w
7367,p,o
7368,p,y
7369,p,w
7370,p,w
7371,p,w
7372,p,w
7373,p,w
7374,p,w
7375,p,w
7376,p,n
7377,p,n
7378,p,w
7379,p,w
7380,p,w
7381,p,w
7382,p,w
7383,p,w
7384,p,w
7385,p,w
7386,p,w
7387,p,w
7388,p,w
7389,p,o
7390,p,w
7391,p,w
7392,p,w
7393,p,w
7394,p,w
7395,p,w
7396,p,w
7397,p,w
7398,p,w
7399,p,w
7400,p,w
7401,p,w
7402,p,y
7403,p,w
7404,p,w
7405,p,w
7406,p,n
7407,p,w
7408,p,o
7409,p,w
7410,p,w
7411,p,w
7412,p,w
7413,p,o
7414,p,n
7415,p,w
7416,p,w
7417,p,w
7418,p,w
7419,p,w
7420,p,w
7421,p,w
7422,p,w
7423,p,w
7424,p,w
7425,p,w
7426,p,n
7427,p,w
7428,p,w
7429,p,w
7430,p,w
7431,p,w
7432,p,w
7433,p,o
7434,p,w
7435,p,w
7436,p,w
7437,p,w
7438,p,o
7439,p,w
7440,p,w
7441,p,o
7442,p,w
7443,p,w
7444,p,w
7445,p,w
7446,p,w
7447,p,n
7448,p,w
7449,p,w
7450,p,w
7451,p,w
7452,p,w
7453,p,w
7454,p,w
7455,p,w
7456,p,n
7457,p,w
7458,p,w
7459,p,w
7460,p,o
7461,p,w
7462,p,w
7463,p,w
7464,p,w
7465,p,w
7466,p,w
7467,p,w
7468,p,n
7469,p,w
7470,p,w
7471,p,w
7472,p,w
7473,p,w
7474,p,w
7475,p,w
7476,p,w
7477,p,w
7478,p,w
7479,p,w
7480,p,w

7481,p,w
7482,p,w
7483,p,w
7484,p,y
7485,p,w
7486,p,w
7487,p,w
7488,p,w
7489,p,w
7490,p,w
7491,p,o
7492,p,w
7493,p,w
7494,p,w
7495,p,w
7496,p,w
7497,p,w
7498,p,w
7499,p,w
7500,p,w
7501,p,w
7502,p,w
7503,p,w
7504,p,w
7505,p,w
7506,p,w
7507,p,w
7508,p,w
7509,p,w
7510,p,w
7511,p,n
7512,p,w
7513,p,w
7514,p,w
7515,p,w
7516,p,w
7517,p,n
7518,p,w
7519,p,w
7520,p,w
7521,p,w
7522,p,w
7523,p,n
7524,p,o
7525,p,w
7526,p,w
7527,p,n
7528,p,w
7529,p,w
7530,p,w
7531,p,w
7532,p,o
7533,p,w
7534,p,w
7535,p,w
7536,p,w
7537,p,w
7538,p,o
7539,p,w
7540,p,w
7541,p,w
7542,p,w
7543,p,w
7544,p,o
7545,p,w
7546,p,w
7547,p,w
7548,p,n
7549,p,w
7550,p,w
7551,p,w
7552,p,w
7553,p,w
7554,p,w
7555,p,w
7556,p,o
7557,p,w
7558,p,w
7559,p,n
7560,p,w
7561,p,w
7562,p,n
7563,p,w
7564,p,w
7565,p,w
7566,p,w
7567,p,w
7568,p,w
7569,p,w
7570,p,w
7571,p,w
7572,p,w
7573,p,w
7574,p,w
7575,p,w
7576,p,w
7577,p,w
7578,p,w
7579,p,w
7580,p,w
7581,p,w
7582,p,w
7583,p,w
7584,p,w
7585,p,w
7586,p,w
7587,p,w
7588,p,w
7589,p,w
7590,p,w
7591,p,w
7592,p,w
7593,p,w
7594,p,w
7595,p,w
7596,p,w
7597,p,w
7598,p,w
7599,p,w
7600,p,w
7601,p,y
7602,p,w
7603,p,w
7604,p,w
7605,p,w
7606,p,w
7607,p,w
7608,p,w
7609,p,w
7610,p,w
7611,p,w
7612,p,w
7613,p,o
7614,p,w
7615,p,w
7616,p,w
7617,p,w
7618,p,n
7619,p,w
7620,p,w
7621,p,w
7622,p,w
7623,p,w
7624,p,w
7625,p,w
7626,p,w
7627,p,w
7628,p,o
7629,p,w
7630,p,w
7631,p,o
7632,p,w
7633,p,w
7634,p,w
7635,p,w
7636,p,w
7637,p,n
7638,p,w
7639,p,w
7640,p,w
7641,p,w
7642,p,w
7643,p,w
7644,p,w
7645,p,w
7646,p,w
7647,p,w
7648,p,w
7649,p,w
7650,p,w
7651,p,w
7652,p,w
7653,p,n
7654,p,w
7655,p,w
7656,p,w
7657,p,w
7658,p,w
7659,p,o
7660,p,w
7661,p,w
7662,p,w
7663,p,w
7664,p,w
7665,p,o
7666,p,o
7667,p,w
7668,p,w
7669,p,w
7670,p,w
7671,p,w
7672,p,w
7673,p,w
7674,p,w
7675,p,n
7676,p,w
7677,p,w
7678,p,w
7679,p,w
7680,p,w
7681,p,w
7682,p,w
7683,p,w
7684,p,w
7685,p,w
7686,p,w
7687,p,w
7688,p,w
7689,p,n
7690,p,n
7691,p,w
7692,p,w
7693,p,n
7694,p,w
7695,p,w
7696,p,w
7697,p,w
7698,p,w
7699,p,w
7700,p,o
7701,p,w
7702,p,o
7703,p,w
7704,p,w
7705,p,w
7706,p,w
7707,p,y
7708,p,w
7709,p,w
7710,p,w
7711,p,n
7712,p,w
7713,p,w
7714,p,w
7715,p,w
7716,p,w
7717,p,o
7718,p,w
7719,p,w
7720,p,w
7721,p,w
7722,p,w
7723,p,w
7724,p,n
7725,p,w
7726,p,w
7727,p,w
7728,p,w
7729,p,w
7730,p,n
7731,p,w
7732,p,w
7733,p,w
7734,p,w
7735,p,w
7736,p,w
7737,p,w
7738,p,n
7739,p,w
7740,p,y
7741,p,w
7742,p,o
7743,p,w
7744,p,w
7745,p,w
7746,p,n
7747,p,w
7748,p,w
7749,p,w
7750,p,w
7751,p,w
7752,p,w
7753,p,w
7754,p,w
7755,p,w
7756,p,w
7757,p,w
7758,p,w
7759,p,w
7760,p,o
7761,p,w
7762,p,w
7763,p,o
7764,p,w
7765,p,w
7766,p,o
7767,p,w
7768,p,w
7769,p,w
7770,p,w
7771,p,w
7772,p,w
7773,p,w
7774,p,w
7775,p,w
7776,p,w
7777,p,w
7778,p,w
7779,p,w
7780,p,w
7781,p,w
7782,p,w
7783,p,o
7784,p,w
7785,p,w
7786,p,w
7787,p,w
7788,p,w
7789,p,o
7790,p,w
7791,p,w
7792,p,o
7793,p,w
7794,p,w
7795,p,w
7796,p,w
7797,p,w
7798,p,w
7799,p,w
7800,p,w
7801,p,w
7802,p,w
7803,p,w
7804,p,w
7805,p,w
7806,p,w
7807,p,w
7808,p,n
7809,p,w
7810,p,w
7811,p,w
7812,p,o
7813,p,w
7814,p,n
7815,p,w
7816,p,w
7817,p,w
7818,p,w
7819,p,w
7820,p,w
7821,p,w
7822,p,w
7823,p,w
7824,p,w
7825,p,w
7826,p,n
7827,p,w
7828,p,w
7829,p,n
7830,p,n
7831,p,w
7832,p,o
7833,p,w
7834,p,n
7835,p,o
7836,p,w
7837,p,o
7838,p,w
7839,p,w
7840,p,w
7841,p,o
7842,p,w
7843,p,w
7844,p,w
7845,p,n
7846,p,n
7847,p,w
7848,p,w
7849,p,w
7850,p,w
7851,p,w
7852,p,w
7853,p,w
7854,p,w
7855,p,w
7856,p,w
7857,p,w
7858,p,w
7859,p,w
7860,p,o
7861,p,w
7862,p,w
7863,p,w
7864,p,w
7865,p,w
7866,p,w
7867,p,o
7868,p,w
7869,p,w
7870,p,w
7871,p,w
7872,p,o
7873,p,w
7874,p,w
7875,p,w
7876,p,w
7877,p,w
7878,p,w
7879,p,o
7880,p,w
7881,p,w
7882,p,w
7883,p,w
7884,p,w
7885,p,w
7886,p,w
7887,p,o
7888,p,w
7889,p,w
7890,p,w
7891,p,w
7892,p,w
7893,p,w
7894,p,o
7895,p,w
7896,p,w
7897,p,w
7898,p,w
7899,p,w
7900,p,w
7901,p,w
7902,p,w
7903,p,w
7904,p,w
7905,p,w
7906,p,o
7907,p,w
7908,p,w
7909,p,w
7910,p,w
7911,p,w
7912,p,n
7913,p,w
7914,p,o
7915,p,w
7916,p,o
7917,p,w
7918,p,w
7919,p,w
7920,p,w
7921,p,w
7922,p,w
7923,p,o
7924,p,w
7925,p,w
7926,p,w
7927,p,w
7928,p,n
7929,p,w
7930,p,w
7931,p,w
7932,p,w
7933,p,w
7934,p,w
7935,p,w
7936,p,w
7937,p,w
7938,p,n
7939,p,w
7940,p,o
7941,p,w
7942,p,w
7943,p,w
7944,p,w
7945,p,o
7946,p,o
7947,p,w
7948,p,w
7949,p,w
7950,p,w
7951,p,w
7952,p,w
7953,p,w
7954,p,n
7955,p,w
7956,p,w
7957,p,o
7958,p,n
7959,p,w
7960,p,w
7961,p,w
7962,p,w
7963,p,w
7964,p,w
7965,p,n
7966,p,w
7967,p,w
7968,p,w
7969,p,w
7970,p,w
7971,p,n
7972,p,n
7973,p,w
7974,p,w
7975,p,w
7976,p,w
7977,p,w
7978,p,o
7979,p,w
7980,p,n
7981,p,w
7982,p,w
7983,p,w
7984,p,w
7985,p,w
7986,p,n
7987,p,w
7988,p,w
7989,p,o
7990,p,w
7991,p,w
7992,p,w
7993,p,w
7994,p,w
7995,p,n
7996,p,w
7997,p,n
7998,p,w
7999,p,w
8000,p,n
8001,p,o
8002,p,w
8003,p,w
8004,p,n
8005,p,w
8006,p,w
8007,p,w
8008,p,w
8009,p,w
8010,p,n
8011,p,n
8012,p,o
8013,p,w
8014,p,o
8015,p,w
8016,p,w
8017,p,w
8018,p,w
8019,p,w
8020,p,w
8021,p,w
8022,p,w
8023,p,w
8024,p,w
8025,p,w
8026,p,n
8027,p,n
8028,p,w
8029,p,w
8030,p,w
8031,p,w
8032,p,w
8033,p,w
8034,p,w
8035,p,o
8036,p,w
8037,p,n
8038,p,w
8039,p,w
8040,p,w
8041,p,o
8042,p,w
8043,p,o
8044,p,n
8045,p,n
8046,p,w
8047,p,w
8048,p,w
8049,p,w
8050,p,w
8051,p,w
8052,p,w
8053,p,n
8054,p,w
8055,p,n
8056,p,w
8057,p,o
8058,p,n
8059,p,w
8060,p,w
8061,p,w
8062,p,w
8063,p,w
8064,p,w
8065,p,w
8066,p,o
8067,p,w
8068,p,o
8069,p,o
8070,p,n
8071,p,w
8072,p,o
8073,p,w
8074,p,n
8075,p,w
8076,p,o
8077,p,n
8078,p,n
8079,p,w
8080,p,w
8081,p,w
8082,p,w
8083,p,w
8084,p,w
8085,p,w
8086,p,w
8087,p,n
8088,p,w
8089,p,o
8090,p,w
8091,p,w
8092,p,w
8093,p,w
8094,p,w
8095,p,w
8096,p,w
8097,p,w
8098,p,w
8099,p,w
8100,p,w
8101,p,n
8102,p,w
8103,p,n
8104,p,n
8105,p,o
8106,p,n
8107,p,o
8108,p,o
8109,p,w
8110,p,w
8111,p,o
8112,p,w
8113,p,n
8114,p,w
8115,p,w
8116,p,o
8117,p,w
8118,p,w
8119,p,w
8120,p,o
8121,p,n
8122,p,o
8123,p,w
8124,p,o
